Station,Date,Year,Month,Analyte,result,Study,Region,Stratum2,geometry
DEC/TOL,2021-01-12T00:00:00Z,2021,Jan,Anabaenopeptins,0,USGS,Lower Sacramento,Lower Sac,"c(-121.7672861, 38.07780833)"
DEC/TOL,2021-01-12T00:00:00Z,2021,Jan,Anatoxins,0,USGS,Lower Sacramento,Lower Sac,"c(-121.7672861, 38.07780833)"
DEC/TOL,2021-01-12T00:00:00Z,2021,Jan,Microcystins,0,USGS,Lower Sacramento,Lower Sac,"c(-121.7672861, 38.07780833)"
JPT,2021-01-12T00:00:00Z,2021,Jan,Anabaenopeptins,0,USGS,Lower San Joaquin,Lower SJ,"c(-121.6991223, 38.04263651)"
JPT,2021-01-12T00:00:00Z,2021,Jan,Anatoxins,0,USGS,Lower San Joaquin,Lower SJ,"c(-121.6991223, 38.04263651)"
JPT,2021-01-12T00:00:00Z,2021,Jan,Microcystins,0,USGS,Lower San Joaquin,Lower SJ,"c(-121.6991223, 38.04263651)"
JPT,2021-04-13T00:00:00Z,2021,Apr,Anabaenopeptins,0,USGS,Lower San Joaquin,Lower SJ,"c(-121.6991223, 38.04263651)"
JPT,2021-04-13T00:00:00Z,2021,Apr,Anatoxins,0,USGS,Lower San Joaquin,Lower SJ,"c(-121.6991223, 38.04263651)"
JPT,2021-04-13T00:00:00Z,2021,Apr,Microcystins,0,USGS,Lower San Joaquin,Lower SJ,"c(-121.6991223, 38.04263651)"
DEC/TOL,2021-04-13T00:00:00Z,2021,Apr,Anabaenopeptins,0,USGS,Lower Sacramento,Lower Sac,"c(-121.7672861, 38.07780833)"
DEC/TOL,2021-04-13T00:00:00Z,2021,Apr,Anatoxins,0,USGS,Lower Sacramento,Lower Sac,"c(-121.7672861, 38.07780833)"
DEC/TOL,2021-04-13T00:00:00Z,2021,Apr,Microcystins,0,USGS,Lower Sacramento,Lower Sac,"c(-121.7672861, 38.07780833)"
DEC/TOL,2021-04-27T00:00:00Z,2021,Apr,Anabaenopeptins,0,USGS,Lower Sacramento,Lower Sac,"c(-121.7672861, 38.07780833)"
DEC/TOL,2021-04-27T00:00:00Z,2021,Apr,Anatoxins,0.3665,USGS,Lower Sacramento,Lower Sac,"c(-121.7672861, 38.07780833)"
DEC/TOL,2021-04-27T00:00:00Z,2021,Apr,Microcystins,0,USGS,Lower Sacramento,Lower Sac,"c(-121.7672861, 38.07780833)"
JPT,2021-04-27T00:00:00Z,2021,Apr,Anabaenopeptins,0,USGS,Lower San Joaquin,Lower SJ,"c(-121.6991223, 38.04263651)"
JPT,2021-04-27T00:00:00Z,2021,Apr,Anatoxins,0.730541804,USGS,Lower San Joaquin,Lower SJ,"c(-121.6991223, 38.04263651)"
JPT,2021-04-27T00:00:00Z,2021,Apr,Microcystins,0,USGS,Lower San Joaquin,Lower SJ,"c(-121.6991223, 38.04263651)"
LIB,2021-05-11T00:00:00Z,2021,May,Anabaenopeptins,0,USGS,Cache Slough/Liberty Island,Cache/Liberty,"c(-121.6842861, 38.24301111)"
LIB,2021-05-11T00:00:00Z,2021,May,Anatoxins,0,USGS,Cache Slough/Liberty Island,Cache/Liberty,"c(-121.6842861, 38.24301111)"
LIB,2021-05-11T00:00:00Z,2021,May,Microcystins,0,USGS,Cache Slough/Liberty Island,Cache/Liberty,"c(-121.6842861, 38.24301111)"
DEC/TOL,2021-02-16T00:00:00Z,2021,Feb,Anabaenopeptins,0,USGS,Lower Sacramento,Lower Sac,"c(-121.7672861, 38.07780833)"
DEC/TOL,2021-02-16T00:00:00Z,2021,Feb,Anatoxins,0,USGS,Lower Sacramento,Lower Sac,"c(-121.7672861, 38.07780833)"
DEC/TOL,2021-02-16T00:00:00Z,2021,Feb,Microcystins,0,USGS,Lower Sacramento,Lower Sac,"c(-121.7672861, 38.07780833)"
DEC/TOL,2021-05-14T00:00:00Z,2021,May,Anabaenopeptins,0,USGS,Lower Sacramento,Lower Sac,"c(-121.7672861, 38.07780833)"
DEC/TOL,2021-05-14T00:00:00Z,2021,May,Anatoxins,0,USGS,Lower Sacramento,Lower Sac,"c(-121.7672861, 38.07780833)"
DEC/TOL,2021-05-14T00:00:00Z,2021,May,Microcystins,0,USGS,Lower Sacramento,Lower Sac,"c(-121.7672861, 38.07780833)"
JPT,2021-02-16T00:00:00Z,2021,Feb,Anabaenopeptins,0,USGS,Lower San Joaquin,Lower SJ,"c(-121.6991223, 38.04263651)"
JPT,2021-02-16T00:00:00Z,2021,Feb,Anatoxins,0,USGS,Lower San Joaquin,Lower SJ,"c(-121.6991223, 38.04263651)"
JPT,2021-02-16T00:00:00Z,2021,Feb,Microcystins,0,USGS,Lower San Joaquin,Lower SJ,"c(-121.6991223, 38.04263651)"
JPT,2021-05-14T00:00:00Z,2021,May,Anabaenopeptins,0,USGS,Lower San Joaquin,Lower SJ,"c(-121.6991223, 38.04263651)"
JPT,2021-05-14T00:00:00Z,2021,May,Anatoxins,0,USGS,Lower San Joaquin,Lower SJ,"c(-121.6991223, 38.04263651)"
JPT,2021-05-14T00:00:00Z,2021,May,Microcystins,0,USGS,Lower San Joaquin,Lower SJ,"c(-121.6991223, 38.04263651)"
JPT,2021-03-03T00:00:00Z,2021,Mar,Anabaenopeptins,0,USGS,Lower San Joaquin,Lower SJ,"c(-121.6991223, 38.04263651)"
JPT,2021-03-03T00:00:00Z,2021,Mar,Anatoxins,0,USGS,Lower San Joaquin,Lower SJ,"c(-121.6991223, 38.04263651)"
JPT,2021-03-03T00:00:00Z,2021,Mar,Microcystins,0,USGS,Lower San Joaquin,Lower SJ,"c(-121.6991223, 38.04263651)"
DEC/TOL,2021-03-03T00:00:00Z,2021,Mar,Anabaenopeptins,0,USGS,Lower Sacramento,Lower Sac,"c(-121.7672861, 38.07780833)"
DEC/TOL,2021-03-03T00:00:00Z,2021,Mar,Anatoxins,0,USGS,Lower Sacramento,Lower Sac,"c(-121.7672861, 38.07780833)"
DEC/TOL,2021-03-03T00:00:00Z,2021,Mar,Microcystins,0,USGS,Lower Sacramento,Lower Sac,"c(-121.7672861, 38.07780833)"
JPT,2021-03-16T00:00:00Z,2021,Mar,Anabaenopeptins,0,USGS,Lower San Joaquin,Lower SJ,"c(-121.6991223, 38.04263651)"
JPT,2021-03-16T00:00:00Z,2021,Mar,Anatoxins,0,USGS,Lower San Joaquin,Lower SJ,"c(-121.6991223, 38.04263651)"
JPT,2021-03-16T00:00:00Z,2021,Mar,Microcystins,0,USGS,Lower San Joaquin,Lower SJ,"c(-121.6991223, 38.04263651)"
DEC/TOL,2021-03-16T00:00:00Z,2021,Mar,Anabaenopeptins,0,USGS,Lower Sacramento,Lower Sac,"c(-121.7672861, 38.07780833)"
DEC/TOL,2021-03-16T00:00:00Z,2021,Mar,Anatoxins,0,USGS,Lower Sacramento,Lower Sac,"c(-121.7672861, 38.07780833)"
DEC/TOL,2021-03-16T00:00:00Z,2021,Mar,Microcystins,0,USGS,Lower Sacramento,Lower Sac,"c(-121.7672861, 38.07780833)"
DEC/TOL,2021-07-07T00:00:00Z,2021,Jul,Anabaenopeptins,9.33,USGS,Lower Sacramento,Lower Sac,"c(-121.7672861, 38.07780833)"
DEC/TOL,2021-07-07T00:00:00Z,2021,Jul,Anatoxins,0,USGS,Lower Sacramento,Lower Sac,"c(-121.7672861, 38.07780833)"
DEC/TOL,2021-07-07T00:00:00Z,2021,Jul,Microcystins,0,USGS,Lower Sacramento,Lower Sac,"c(-121.7672861, 38.07780833)"
JPT,2021-07-07T00:00:00Z,2021,Jul,Anabaenopeptins,178.08,USGS,Lower San Joaquin,Lower SJ,"c(-121.6991223, 38.04263651)"
JPT,2021-07-07T00:00:00Z,2021,Jul,Anatoxins,0,USGS,Lower San Joaquin,Lower SJ,"c(-121.6991223, 38.04263651)"
JPT,2021-07-07T00:00:00Z,2021,Jul,Microcystins,0,USGS,Lower San Joaquin,Lower SJ,"c(-121.6991223, 38.04263651)"
MDM,2021-07-07T00:00:00Z,2021,Jul,Anabaenopeptins,0.01,USGS,South Delta,OMR,"c(-121.534, 37.943)"
MDM,2021-07-07T00:00:00Z,2021,Jul,Microcystins,0.22,USGS,South Delta,OMR,"c(-121.534, 37.943)"
DEC/TOL,2021-07-21T00:00:00Z,2021,Jul,Anabaenopeptins,0,USGS,Lower Sacramento,Lower Sac,"c(-121.7672861, 38.07780833)"
DEC/TOL,2021-07-21T00:00:00Z,2021,Jul,Anatoxins,0,USGS,Lower Sacramento,Lower Sac,"c(-121.7672861, 38.07780833)"
DEC/TOL,2021-07-21T00:00:00Z,2021,Jul,Microcystins,0.054,USGS,Lower Sacramento,Lower Sac,"c(-121.7672861, 38.07780833)"
JPT,2021-07-21T00:00:00Z,2021,Jul,Anabaenopeptins,0,USGS,Lower San Joaquin,Lower SJ,"c(-121.6991223, 38.04263651)"
JPT,2021-07-21T00:00:00Z,2021,Jul,Anatoxins,0,USGS,Lower San Joaquin,Lower SJ,"c(-121.6991223, 38.04263651)"
JPT,2021-07-21T00:00:00Z,2021,Jul,Microcystins,0,USGS,Lower San Joaquin,Lower SJ,"c(-121.6991223, 38.04263651)"
JPT,2021-04-01T00:00:00Z,2021,Apr,Anabaenopeptins,0,USGS,Lower San Joaquin,Lower SJ,"c(-121.6991223, 38.04263651)"
JPT,2021-04-01T00:00:00Z,2021,Apr,Anatoxins,2.168360782,USGS,Lower San Joaquin,Lower SJ,"c(-121.6991223, 38.04263651)"
JPT,2021-04-01T00:00:00Z,2021,Apr,Microcystins,0,USGS,Lower San Joaquin,Lower SJ,"c(-121.6991223, 38.04263651)"
DEC/TOL,2021-04-01T00:00:00Z,2021,Apr,Anabaenopeptins,0,USGS,Lower Sacramento,Lower Sac,"c(-121.7672861, 38.07780833)"
DEC/TOL,2021-04-01T00:00:00Z,2021,Apr,Microcystins,0,USGS,Lower Sacramento,Lower Sac,"c(-121.7672861, 38.07780833)"
DEC/TOL,2021-04-01T00:00:00Z,2021,Apr,Anabaenopeptins,0,USGS,Lower Sacramento,Lower Sac,"c(-121.7672861, 38.07780833)"
DEC/TOL,2021-04-01T00:00:00Z,2021,Apr,Anatoxins,11.5510808,USGS,Lower Sacramento,Lower Sac,"c(-121.7672861, 38.07780833)"
DEC/TOL,2021-04-01T00:00:00Z,2021,Apr,Microcystins,0,USGS,Lower Sacramento,Lower Sac,"c(-121.7672861, 38.07780833)"
MDM,2021-08-02T00:00:00Z,2021,Aug,Anabaenopeptins,0.09,USGS,South Delta,OMR,"c(-121.534, 37.943)"
MDM,2021-08-02T00:00:00Z,2021,Aug,Microcystins,0.06,USGS,South Delta,OMR,"c(-121.534, 37.943)"
DEC/TOL,2021-08-04T00:00:00Z,2021,Aug,Anabaenopeptins,4.18,USGS,Lower Sacramento,Lower Sac,"c(-121.7672861, 38.07780833)"
DEC/TOL,2021-08-04T00:00:00Z,2021,Aug,Anatoxins,0,USGS,Lower Sacramento,Lower Sac,"c(-121.7672861, 38.07780833)"
DEC/TOL,2021-08-04T00:00:00Z,2021,Aug,Microcystins,0,USGS,Lower Sacramento,Lower Sac,"c(-121.7672861, 38.07780833)"
MDM,2021-07-21T00:00:00Z,2021,Jul,Anabaenopeptins,0.03,USGS,South Delta,OMR,"c(-121.534, 37.943)"
MDM,2021-07-21T00:00:00Z,2021,Jul,Microcystins,0.060000000000000005,USGS,South Delta,OMR,"c(-121.534, 37.943)"
VER,2021-07-14T00:00:00Z,2021,Jul,Anabaenopeptins,0.5800000000000001,USGS,Vernalis,NA,"c(-121.265002, 37.679376)"
VER,2021-07-14T00:00:00Z,2021,Jul,Microcystins,0,USGS,Vernalis,NA,"c(-121.265002, 37.679376)"
RRI,2021-07-16T00:00:00Z,2021,Jul,Anabaenopeptins,0.01,USGS,South Delta,South Delta,"c(-121.365, 37.963)"
RRI,2021-07-16T00:00:00Z,2021,Jul,Microcystins,0.13,USGS,South Delta,South Delta,"c(-121.365, 37.963)"
LIB,2021-08-18T00:00:00Z,2021,Aug,Anabaenopeptins,0,USGS,Cache Slough/Liberty Island,Cache/Liberty,"c(-121.6842861, 38.24301111)"
LIB,2021-08-18T00:00:00Z,2021,Aug,Microcystins,0,USGS,Cache Slough/Liberty Island,Cache/Liberty,"c(-121.6842861, 38.24301111)"
DEC/TOL,2021-08-18T00:00:00Z,2021,Aug,Anabaenopeptins,0,USGS,Lower Sacramento,Lower Sac,"c(-121.7672861, 38.07780833)"
DEC/TOL,2021-08-18T00:00:00Z,2021,Aug,Anatoxins,0,USGS,Lower Sacramento,Lower Sac,"c(-121.7672861, 38.07780833)"
DEC/TOL,2021-08-18T00:00:00Z,2021,Aug,Microcystins,0,USGS,Lower Sacramento,Lower Sac,"c(-121.7672861, 38.07780833)"
JPT,2021-08-18T00:00:00Z,2021,Aug,Anabaenopeptins,18.68,USGS,Lower San Joaquin,Lower SJ,"c(-121.6991223, 38.04263651)"
JPT,2021-08-18T00:00:00Z,2021,Aug,Anatoxins,0,USGS,Lower San Joaquin,Lower SJ,"c(-121.6991223, 38.04263651)"
JPT,2021-08-18T00:00:00Z,2021,Aug,Microcystins,0,USGS,Lower San Joaquin,Lower SJ,"c(-121.6991223, 38.04263651)"
MDM,2021-08-18T00:00:00Z,2021,Aug,Anabaenopeptins,0.47,USGS,South Delta,OMR,"c(-121.534, 37.943)"
MDM,2021-08-18T00:00:00Z,2021,Aug,Microcystins,0.03,USGS,South Delta,OMR,"c(-121.534, 37.943)"
RRI,2021-07-29T00:00:00Z,2021,Jul,Anabaenopeptins,0.53,USGS,South Delta,South Delta,"c(-121.365, 37.963)"
RRI,2021-07-29T00:00:00Z,2021,Jul,Microcystins,0.03,USGS,South Delta,South Delta,"c(-121.365, 37.963)"
VER,2021-07-29T00:00:00Z,2021,Jul,Anabaenopeptins,0,USGS,Vernalis,NA,"c(-121.265002, 37.679376)"
VER,2021-07-29T00:00:00Z,2021,Jul,Microcystins,0,USGS,Vernalis,NA,"c(-121.265002, 37.679376)"
VER,2021-08-12T00:00:00Z,2021,Aug,Anabaenopeptins,0,USGS,Vernalis,NA,"c(-121.265002, 37.679376)"
VER,2021-08-12T00:00:00Z,2021,Aug,Microcystins,0,USGS,Vernalis,NA,"c(-121.265002, 37.679376)"
VER,2021-08-27T00:00:00Z,2021,Aug,Anabaenopeptins,0.09,USGS,Vernalis,NA,"c(-121.265002, 37.679376)"
VER,2021-08-27T00:00:00Z,2021,Aug,Microcystins,0.06,USGS,Vernalis,NA,"c(-121.265002, 37.679376)"
RRI,2021-08-30T00:00:00Z,2021,Aug,Anabaenopeptins,0.3,USGS,South Delta,South Delta,"c(-121.365, 37.963)"
RRI,2021-08-30T00:00:00Z,2021,Aug,Microcystins,0.01,USGS,South Delta,South Delta,"c(-121.365, 37.963)"
MDM,2021-09-02T00:00:00Z,2021,Sep,Anabaenopeptins,0.09999999999999999,USGS,South Delta,OMR,"c(-121.534, 37.943)"
MDM,2021-09-02T00:00:00Z,2021,Sep,Microcystins,0.01,USGS,South Delta,OMR,"c(-121.534, 37.943)"
RRI,2021-08-16T00:00:00Z,2021,Aug,Anabaenopeptins,0.22,USGS,South Delta,South Delta,"c(-121.365, 37.963)"
RRI,2021-08-16T00:00:00Z,2021,Aug,Microcystins,0.05,USGS,South Delta,South Delta,"c(-121.365, 37.963)"
LIB,2021-09-23T00:00:00Z,2021,Sep,Anabaenopeptins,0,USGS,Cache Slough/Liberty Island,Cache/Liberty,"c(-121.6842861, 38.24301111)"
LIB,2021-09-23T00:00:00Z,2021,Sep,Microcystins,0,USGS,Cache Slough/Liberty Island,Cache/Liberty,"c(-121.6842861, 38.24301111)"
MDM,2021-09-16T00:00:00Z,2021,Sep,Anabaenopeptins,0,USGS,South Delta,OMR,"c(-121.534, 37.943)"
MDM,2021-09-16T00:00:00Z,2021,Sep,Microcystins,0,USGS,South Delta,OMR,"c(-121.534, 37.943)"
JPT,2021-09-21T00:00:00Z,2021,Sep,Anabaenopeptins,0.74,USGS,Lower San Joaquin,Lower SJ,"c(-121.6991223, 38.04263651)"
JPT,2021-09-21T00:00:00Z,2021,Sep,Anatoxins,0,USGS,Lower San Joaquin,Lower SJ,"c(-121.6991223, 38.04263651)"
JPT,2021-09-21T00:00:00Z,2021,Sep,Microcystins,0,USGS,Lower San Joaquin,Lower SJ,"c(-121.6991223, 38.04263651)"
DEC/TOL,2021-09-21T00:00:00Z,2021,Sep,Anabaenopeptins,31.21,USGS,Lower Sacramento,Lower Sac,"c(-121.7672861, 38.07780833)"
DEC/TOL,2021-09-21T00:00:00Z,2021,Sep,Anatoxins,0,USGS,Lower Sacramento,Lower Sac,"c(-121.7672861, 38.07780833)"
DEC/TOL,2021-09-21T00:00:00Z,2021,Sep,Microcystins,0,USGS,Lower Sacramento,Lower Sac,"c(-121.7672861, 38.07780833)"
VER,2021-09-09T00:00:00Z,2021,Sep,Anabaenopeptins,0,USGS,Vernalis,NA,"c(-121.265002, 37.679376)"
VER,2021-09-09T00:00:00Z,2021,Sep,Microcystins,0,USGS,Vernalis,NA,"c(-121.265002, 37.679376)"
RRI,2021-09-10T00:00:00Z,2021,Sep,Anabaenopeptins,0.09999999999999999,USGS,South Delta,South Delta,"c(-121.365, 37.963)"
RRI,2021-09-10T00:00:00Z,2021,Sep,Microcystins,0.01,USGS,South Delta,South Delta,"c(-121.365, 37.963)"
VER,2021-09-24T00:00:00Z,2021,Sep,Anabaenopeptins,0.03,USGS,Vernalis,NA,"c(-121.265002, 37.679376)"
VER,2021-09-24T00:00:00Z,2021,Sep,Microcystins,0,USGS,Vernalis,NA,"c(-121.265002, 37.679376)"
RRI,2021-09-24T00:00:00Z,2021,Sep,Anabaenopeptins,0.04,USGS,South Delta,South Delta,"c(-121.365, 37.963)"
RRI,2021-09-24T00:00:00Z,2021,Sep,Microcystins,0.05,USGS,South Delta,South Delta,"c(-121.365, 37.963)"
LIB,2021-10-04T00:00:00Z,2021,Oct,Anabaenopeptins,0,USGS,Cache Slough/Liberty Island,Cache/Liberty,"c(-121.6842861, 38.24301111)"
LIB,2021-10-04T00:00:00Z,2021,Oct,Microcystins,0,USGS,Cache Slough/Liberty Island,Cache/Liberty,"c(-121.6842861, 38.24301111)"
DEC/TOL,2021-10-04T00:00:00Z,2021,Oct,Anabaenopeptins,0,USGS,Lower Sacramento,Lower Sac,"c(-121.7672861, 38.07780833)"
DEC/TOL,2021-10-04T00:00:00Z,2021,Oct,Microcystins,0,USGS,Lower Sacramento,Lower Sac,"c(-121.7672861, 38.07780833)"
JPT,2021-10-04T00:00:00Z,2021,Oct,Anabaenopeptins,0,USGS,Lower San Joaquin,Lower SJ,"c(-121.6991223, 38.04263651)"
JPT,2021-10-04T00:00:00Z,2021,Oct,Microcystins,0.046,USGS,Lower San Joaquin,Lower SJ,"c(-121.6991223, 38.04263651)"
JPT,2021-10-05T00:00:00Z,2021,Oct,Anabaenopeptins,0,USGS,Lower San Joaquin,Lower SJ,"c(-121.6991223, 38.04263651)"
JPT,2021-10-05T00:00:00Z,2021,Oct,Microcystins,0,USGS,Lower San Joaquin,Lower SJ,"c(-121.6991223, 38.04263651)"
DEC/TOL,2021-10-05T00:00:00Z,2021,Oct,Anabaenopeptins,0,USGS,Lower Sacramento,Lower Sac,"c(-121.7672861, 38.07780833)"
DEC/TOL,2021-10-05T00:00:00Z,2021,Oct,Microcystins,0,USGS,Lower Sacramento,Lower Sac,"c(-121.7672861, 38.07780833)"
LIB,2021-10-05T00:00:00Z,2021,Oct,Anabaenopeptins,0,USGS,Cache Slough/Liberty Island,Cache/Liberty,"c(-121.6842861, 38.24301111)"
LIB,2021-10-05T00:00:00Z,2021,Oct,Microcystins,0,USGS,Cache Slough/Liberty Island,Cache/Liberty,"c(-121.6842861, 38.24301111)"
MDM,2021-10-06T00:00:00Z,2021,Oct,Anabaenopeptins,0,USGS,South Delta,OMR,"c(-121.534, 37.943)"
MDM,2021-10-06T00:00:00Z,2021,Oct,Microcystins,0,USGS,South Delta,OMR,"c(-121.534, 37.943)"
MDM,2021-10-19T00:00:00Z,2021,Oct,Anabaenopeptins,0,USGS,South Delta,OMR,"c(-121.534, 37.943)"
MDM,2021-10-19T00:00:00Z,2021,Oct,Microcystins,0,USGS,South Delta,OMR,"c(-121.534, 37.943)"
DEC/TOL,2021-10-21T00:00:00Z,2021,Oct,Anabaenopeptins,0,USGS,Lower Sacramento,Lower Sac,"c(-121.7672861, 38.07780833)"
DEC/TOL,2021-10-21T00:00:00Z,2021,Oct,Microcystins,0,USGS,Lower Sacramento,Lower Sac,"c(-121.7672861, 38.07780833)"
JPT,2021-10-21T00:00:00Z,2021,Oct,Anabaenopeptins,0,USGS,Lower San Joaquin,Lower SJ,"c(-121.6991223, 38.04263651)"
JPT,2021-10-21T00:00:00Z,2021,Oct,Microcystins,0,USGS,Lower San Joaquin,Lower SJ,"c(-121.6991223, 38.04263651)"
LIB,2021-10-21T00:00:00Z,2021,Oct,Anabaenopeptins,0,USGS,Cache Slough/Liberty Island,Cache/Liberty,"c(-121.6842861, 38.24301111)"
LIB,2021-10-21T00:00:00Z,2021,Oct,Microcystins,0,USGS,Cache Slough/Liberty Island,Cache/Liberty,"c(-121.6842861, 38.24301111)"
VER,2021-10-26T00:00:00Z,2021,Oct,Anabaenopeptins,0,USGS,Vernalis,NA,"c(-121.265002, 37.679376)"
VER,2021-10-26T00:00:00Z,2021,Oct,Microcystins,0,USGS,Vernalis,NA,"c(-121.265002, 37.679376)"
RRI,2021-10-26T00:00:00Z,2021,Oct,Anabaenopeptins,0,USGS,South Delta,South Delta,"c(-121.365, 37.963)"
RRI,2021-10-26T00:00:00Z,2021,Oct,Microcystins,0,USGS,South Delta,South Delta,"c(-121.365, 37.963)"
RRI,2021-10-13T00:00:00Z,2021,Oct,Anabaenopeptins,0,USGS,South Delta,South Delta,"c(-121.365, 37.963)"
RRI,2021-10-13T00:00:00Z,2021,Oct,Microcystins,0.01,USGS,South Delta,South Delta,"c(-121.365, 37.963)"
VER,2021-10-11T00:00:00Z,2021,Oct,Anabaenopeptins,0.04,USGS,Vernalis,NA,"c(-121.265002, 37.679376)"
VER,2021-10-11T00:00:00Z,2021,Oct,Microcystins,0,USGS,Vernalis,NA,"c(-121.265002, 37.679376)"
LIB,2021-11-16T00:00:00Z,2021,Nov,Anabaenopeptins,0,USGS,Cache Slough/Liberty Island,Cache/Liberty,"c(-121.6842861, 38.24301111)"
LIB,2021-11-16T00:00:00Z,2021,Nov,Microcystins,0,USGS,Cache Slough/Liberty Island,Cache/Liberty,"c(-121.6842861, 38.24301111)"
DEC/TOL,2021-11-16T00:00:00Z,2021,Nov,Anabaenopeptins,0,USGS,Lower Sacramento,Lower Sac,"c(-121.7672861, 38.07780833)"
DEC/TOL,2021-11-16T00:00:00Z,2021,Nov,Microcystins,0,USGS,Lower Sacramento,Lower Sac,"c(-121.7672861, 38.07780833)"
JPT,2021-11-17T00:00:00Z,2021,Nov,Anabaenopeptins,0,USGS,Lower San Joaquin,Lower SJ,"c(-121.6991223, 38.04263651)"
JPT,2021-11-17T00:00:00Z,2021,Nov,Microcystins,0,USGS,Lower San Joaquin,Lower SJ,"c(-121.6991223, 38.04263651)"
VER,2021-11-08T00:00:00Z,2021,Nov,Anabaenopeptins,0,USGS,Vernalis,NA,"c(-121.265002, 37.679376)"
VER,2021-11-08T00:00:00Z,2021,Nov,Microcystins,0,USGS,Vernalis,NA,"c(-121.265002, 37.679376)"
RRI,2021-11-10T00:00:00Z,2021,Nov,Anabaenopeptins,0,USGS,South Delta,South Delta,"c(-121.365, 37.963)"
RRI,2021-11-10T00:00:00Z,2021,Nov,Microcystins,0,USGS,South Delta,South Delta,"c(-121.365, 37.963)"
MDM,2021-12-08T00:00:00Z,2021,Dec,Anabaenopeptins,0,USGS,South Delta,OMR,"c(-121.534, 37.943)"
MDM,2021-12-08T00:00:00Z,2021,Dec,Microcystins,0,USGS,South Delta,OMR,"c(-121.534, 37.943)"
LIB,2021-12-09T00:00:00Z,2021,Dec,Anabaenopeptins,0,USGS,Cache Slough/Liberty Island,Cache/Liberty,"c(-121.6842861, 38.24301111)"
LIB,2021-12-09T00:00:00Z,2021,Dec,Microcystins,0,USGS,Cache Slough/Liberty Island,Cache/Liberty,"c(-121.6842861, 38.24301111)"
DEC/TOL,2021-12-16T00:00:00Z,2021,Dec,Anabaenopeptins,0,USGS,Lower Sacramento,Lower Sac,"c(-121.7672861, 38.07780833)"
DEC/TOL,2021-12-16T00:00:00Z,2021,Dec,Microcystins,0,USGS,Lower Sacramento,Lower Sac,"c(-121.7672861, 38.07780833)"
JPT,2021-12-16T00:00:00Z,2021,Dec,Anabaenopeptins,0,USGS,Lower San Joaquin,Lower SJ,"c(-121.6991223, 38.04263651)"
JPT,2021-12-16T00:00:00Z,2021,Dec,Microcystins,0,USGS,Lower San Joaquin,Lower SJ,"c(-121.6991223, 38.04263651)"
VER,2021-12-08T00:00:00Z,2021,Dec,Anabaenopeptins,0,USGS,Vernalis,NA,"c(-121.265002, 37.679376)"
VER,2021-12-08T00:00:00Z,2021,Dec,Microcystins,0,USGS,Vernalis,NA,"c(-121.265002, 37.679376)"
RRI,2021-12-10T00:00:00Z,2021,Dec,Anabaenopeptins,0,USGS,South Delta,South Delta,"c(-121.365, 37.963)"
RRI,2021-12-10T00:00:00Z,2021,Dec,Microcystins,0,USGS,South Delta,South Delta,"c(-121.365, 37.963)"
BPP,2021-08-09T00:00:00Z,2021,NA,Anatoxins,0,DWR,Clifton Court,NA,"c(-121.617728, 37.7999274)"
BPP,2021-04-26T00:00:00Z,2021,NA,Microcystins,0,DWR,Clifton Court,NA,"c(-121.617728, 37.7999274)"
BPP,2021-05-10T00:00:00Z,2021,NA,Microcystins,0,DWR,Clifton Court,NA,"c(-121.617728, 37.7999274)"
BPP,2021-05-24T00:00:00Z,2021,NA,Microcystins,0,DWR,Clifton Court,NA,"c(-121.617728, 37.7999274)"
BPP,2021-06-07T00:00:00Z,2021,NA,Microcystins,0,DWR,Clifton Court,NA,"c(-121.617728, 37.7999274)"
BPP,2021-06-21T00:00:00Z,2021,NA,Microcystins,0,DWR,Clifton Court,NA,"c(-121.617728, 37.7999274)"
BPP,2021-07-12T00:00:00Z,2021,NA,Microcystins,0,DWR,Clifton Court,NA,"c(-121.617728, 37.7999274)"
BPP,2021-07-26T00:00:00Z,2021,NA,Microcystins,0,DWR,Clifton Court,NA,"c(-121.617728, 37.7999274)"
BPP,2021-08-09T00:00:00Z,2021,NA,Microcystins,0,DWR,Clifton Court,NA,"c(-121.617728, 37.7999274)"
BPP,2021-08-23T00:00:00Z,2021,NA,Microcystins,0,DWR,Clifton Court,NA,"c(-121.617728, 37.7999274)"
BPP,2021-09-13T00:00:00Z,2021,NA,Microcystins,0,DWR,Clifton Court,NA,"c(-121.617728, 37.7999274)"
BPP,2021-09-27T00:00:00Z,2021,NA,Microcystins,0,DWR,Clifton Court,NA,"c(-121.617728, 37.7999274)"
CCF,2021-04-26T00:00:00Z,2021,NA,Microcystins,0,DWR,Clifton Court,NA,"c(-121.59183, 37.826923)"
CCF,2021-06-21T00:00:00Z,2021,NA,Microcystins,0,DWR,Clifton Court,NA,"c(-121.59183, 37.826923)"
CCF,2021-07-12T00:00:00Z,2021,NA,Microcystins,0,DWR,Clifton Court,NA,"c(-121.59183, 37.826923)"
CCF,2021-07-26T00:00:00Z,2021,NA,Microcystins,0,DWR,Clifton Court,NA,"c(-121.59183, 37.826923)"
CCF,2021-08-09T00:00:00Z,2021,NA,Microcystins,0,DWR,Clifton Court,NA,"c(-121.59183, 37.826923)"
CCF,2021-08-23T00:00:00Z,2021,NA,Microcystins,0,DWR,Clifton Court,NA,"c(-121.59183, 37.826923)"
FRK,2021-07-02T00:00:00Z,NA,NA,Microcystins,0,CVRWQCB,South Delta,Franks,"c(-121.5981, 38.046417)"
FRK,2021-08-06T00:00:00Z,NA,NA,Microcystins,0.63,CVRWQCB,South Delta,Franks,"c(-121.5981, 38.046417)"
FRK,2021-08-06T00:00:00Z,NA,NA,Anatoxins,0,CVRWQCB,South Delta,Franks,"c(-121.5981, 38.046417)"
MI,2021-07-02T00:00:00Z,NA,NA,Microcystins,0.6,CVRWQCB,South Delta,South Delta,"c(-121.51166, 37.99204)"
DHAB001,2021-01-07T00:00:00Z,2021,1,Microcystins,0,Preece,Lower Sacramento,Lower Sac,"c(-121.787628, 38.045378)"
DHAB001,2021-01-07T00:00:00Z,2021,1,Microcystins,0,Preece,Lower Sacramento,Lower Sac,"c(-121.787628, 38.045378)"
DHAB001,2021-03-30T00:00:00Z,2021,3,Microcystins,0,Preece,Lower Sacramento,Lower Sac,"c(-121.787628, 38.045378)"
DHAB001,2021-04-21T00:00:00Z,2021,4,Microcystins,0,Preece,Lower Sacramento,Lower Sac,"c(-121.787628, 38.045378)"
DHAB001,2021-05-14T00:00:00Z,2021,5,Microcystins,0,Preece,Lower Sacramento,Lower Sac,"c(-121.787628, 38.045378)"
DHAB001,2021-06-03T00:00:00Z,2021,6,Microcystins,0,Preece,Lower Sacramento,Lower Sac,"c(-121.787628, 38.045378)"
DHAB001,2021-06-17T00:00:00Z,2021,6,Microcystins,0,Preece,Lower Sacramento,Lower Sac,"c(-121.787628, 38.045378)"
DHAB001,2021-08-11T00:00:00Z,2021,8,Microcystins,0,Preece,Lower Sacramento,Lower Sac,"c(-121.787628, 38.045378)"
DHAB001,2021-08-31T00:00:00Z,2021,8,Microcystins,0,Preece,Lower Sacramento,Lower Sac,"c(-121.787628, 38.045378)"
DHAB001,2021-09-04T00:00:00Z,2021,9,Microcystins,0,Preece,Lower Sacramento,Lower Sac,"c(-121.787628, 38.045378)"
DHAB001,2021-09-22T00:00:00Z,2021,9,Microcystins,0,Preece,Lower Sacramento,Lower Sac,"c(-121.787628, 38.045378)"
DHAB001,2021-10-20T00:00:00Z,2021,10,Microcystins,0,Preece,Lower Sacramento,Lower Sac,"c(-121.787628, 38.045378)"
DHAB001,2021-10-28T00:00:00Z,2021,10,Microcystins,0,Preece,Lower Sacramento,Lower Sac,"c(-121.787628, 38.045378)"
DHAB001,2021-11-12T00:00:00Z,2021,11,Microcystins,0,Preece,Lower Sacramento,Lower Sac,"c(-121.787628, 38.045378)"
DHAB001,2021-12-27T00:00:00Z,2021,12,Microcystins,0,Preece,Lower Sacramento,Lower Sac,"c(-121.787628, 38.045378)"
DHAB002,2021-01-07T00:00:00Z,2021,1,Microcystins,0,Preece,Lower Sacramento,Lower Sac,"c(-121.716123, 38.105764)"
DHAB002,2021-02-08T00:00:00Z,2021,2,Microcystins,0,Preece,Lower Sacramento,Lower Sac,"c(-121.716123, 38.105764)"
DHAB002,2021-02-10T00:00:00Z,2021,2,Microcystins,0,Preece,Lower Sacramento,Lower Sac,"c(-121.716123, 38.105764)"
DHAB002,2021-02-10T00:00:00Z,2021,2,Microcystins,0,Preece,Lower Sacramento,Lower Sac,"c(-121.716123, 38.105764)"
DHAB002,2021-03-31T00:00:00Z,2021,3,Microcystins,0,Preece,Lower Sacramento,Lower Sac,"c(-121.716123, 38.105764)"
DHAB002,2021-04-19T00:00:00Z,2021,4,Microcystins,0,Preece,Lower Sacramento,Lower Sac,"c(-121.716123, 38.105764)"
DHAB002,2021-05-17T00:00:00Z,2021,5,Microcystins,0,Preece,Lower Sacramento,Lower Sac,"c(-121.716123, 38.105764)"
DHAB002,2021-06-03T00:00:00Z,2021,6,Microcystins,0,Preece,Lower Sacramento,Lower Sac,"c(-121.716123, 38.105764)"
DHAB002,2021-08-11T00:00:00Z,2021,8,Microcystins,0,Preece,Lower Sacramento,Lower Sac,"c(-121.716123, 38.105764)"
DHAB002,2021-08-31T00:00:00Z,2021,8,Microcystins,0,Preece,Lower Sacramento,Lower Sac,"c(-121.716123, 38.105764)"
DHAB002,2021-09-04T00:00:00Z,2021,9,Microcystins,0,Preece,Lower Sacramento,Lower Sac,"c(-121.716123, 38.105764)"
DHAB002,2021-09-22T00:00:00Z,2021,9,Microcystins,0,Preece,Lower Sacramento,Lower Sac,"c(-121.716123, 38.105764)"
DHAB002,2021-10-20T00:00:00Z,2021,10,Microcystins,0,Preece,Lower Sacramento,Lower Sac,"c(-121.716123, 38.105764)"
DHAB002,2021-10-28T00:00:00Z,2021,10,Microcystins,0,Preece,Lower Sacramento,Lower Sac,"c(-121.716123, 38.105764)"
DHAB002,2021-11-12T00:00:00Z,2021,11,Microcystins,0,Preece,Lower Sacramento,Lower Sac,"c(-121.716123, 38.105764)"
DHAB002,2021-12-27T00:00:00Z,2021,12,Microcystins,0,Preece,Lower Sacramento,Lower Sac,"c(-121.716123, 38.105764)"
DHAB003,2021-01-07T00:00:00Z,2021,1,Microcystins,0,Preece,Lower San Joaquin,Lower SJ,"c(-121.745763, 38.019889)"
DHAB003,2021-02-08T00:00:00Z,2021,2,Microcystins,0,Preece,Lower San Joaquin,Lower SJ,"c(-121.745763, 38.019889)"
DHAB003,2021-03-30T00:00:00Z,2021,3,Microcystins,0,Preece,Lower San Joaquin,Lower SJ,"c(-121.745763, 38.019889)"
DHAB003,2021-03-30T00:00:00Z,2021,3,Microcystins,0,Preece,Lower San Joaquin,Lower SJ,"c(-121.745763, 38.019889)"
DHAB003,2021-04-21T00:00:00Z,2021,4,Microcystins,0,Preece,Lower San Joaquin,Lower SJ,"c(-121.745763, 38.019889)"
DHAB003,2021-05-14T00:00:00Z,2021,5,Microcystins,0,Preece,Lower San Joaquin,Lower SJ,"c(-121.745763, 38.019889)"
DHAB003,2021-06-04T00:00:00Z,2021,6,Microcystins,0,Preece,Lower San Joaquin,Lower SJ,"c(-121.745763, 38.019889)"
DHAB003,2021-06-17T00:00:00Z,2021,6,Microcystins,0,Preece,Lower San Joaquin,Lower SJ,"c(-121.745763, 38.019889)"
DHAB003,2021-08-11T00:00:00Z,2021,8,Microcystins,0,Preece,Lower San Joaquin,Lower SJ,"c(-121.745763, 38.019889)"
DHAB003,2021-08-31T00:00:00Z,2021,8,Microcystins,0,Preece,Lower San Joaquin,Lower SJ,"c(-121.745763, 38.019889)"
DHAB003,2021-09-04T00:00:00Z,2021,9,Microcystins,0,Preece,Lower San Joaquin,Lower SJ,"c(-121.745763, 38.019889)"
DHAB003,2021-10-20T00:00:00Z,2021,10,Microcystins,0,Preece,Lower San Joaquin,Lower SJ,"c(-121.745763, 38.019889)"
DHAB003,2021-10-28T00:00:00Z,2021,10,Microcystins,0,Preece,Lower San Joaquin,Lower SJ,"c(-121.745763, 38.019889)"
DHAB003,2021-11-12T00:00:00Z,2021,11,Microcystins,0,Preece,Lower San Joaquin,Lower SJ,"c(-121.745763, 38.019889)"
DHAB003,2021-12-27T00:00:00Z,2021,12,Microcystins,0,Preece,Lower San Joaquin,Lower SJ,"c(-121.745763, 38.019889)"
DHAB004,2021-01-08T00:00:00Z,2021,1,Microcystins,0,Preece,Upper Sacramento,Upper Sac,"c(-121.610139, 38.163593)"
DHAB004,2021-03-31T00:00:00Z,2021,3,Microcystins,0,Preece,Upper Sacramento,Upper Sac,"c(-121.610139, 38.163593)"
DHAB004,2021-04-19T00:00:00Z,2021,4,Microcystins,0,Preece,Upper Sacramento,Upper Sac,"c(-121.610139, 38.163593)"
DHAB004,2021-04-19T00:00:00Z,2021,4,Microcystins,0,Preece,Upper Sacramento,Upper Sac,"c(-121.610139, 38.163593)"
DHAB004,2021-05-17T00:00:00Z,2021,5,Microcystins,0,Preece,Upper Sacramento,Upper Sac,"c(-121.610139, 38.163593)"
DHAB004,2021-06-03T00:00:00Z,2021,6,Microcystins,0,Preece,Upper Sacramento,Upper Sac,"c(-121.610139, 38.163593)"
DHAB004,2021-06-18T00:00:00Z,2021,6,Microcystins,0,Preece,Upper Sacramento,Upper Sac,"c(-121.610139, 38.163593)"
DHAB004,2021-07-07T00:00:00Z,2021,7,Microcystins,0,Preece,Upper Sacramento,Upper Sac,"c(-121.610139, 38.163593)"
DHAB004,2021-08-11T00:00:00Z,2021,8,Microcystins,0,Preece,Upper Sacramento,Upper Sac,"c(-121.610139, 38.163593)"
DHAB004,2021-08-31T00:00:00Z,2021,8,Microcystins,0,Preece,Upper Sacramento,Upper Sac,"c(-121.610139, 38.163593)"
DHAB004,2021-09-05T00:00:00Z,2021,9,Microcystins,0,Preece,Upper Sacramento,Upper Sac,"c(-121.610139, 38.163593)"
DHAB004,2021-09-22T00:00:00Z,2021,9,Microcystins,0,Preece,Upper Sacramento,Upper Sac,"c(-121.610139, 38.163593)"
DHAB004,2021-09-22T00:00:00Z,2021,9,Microcystins,0,Preece,Upper Sacramento,Upper Sac,"c(-121.610139, 38.163593)"
DHAB004,2021-10-20T00:00:00Z,2021,10,Microcystins,0,Preece,Upper Sacramento,Upper Sac,"c(-121.610139, 38.163593)"
DHAB004,2021-10-28T00:00:00Z,2021,10,Microcystins,0,Preece,Upper Sacramento,Upper Sac,"c(-121.610139, 38.163593)"
DHAB004,2021-11-12T00:00:00Z,2021,11,Microcystins,0,Preece,Upper Sacramento,Upper Sac,"c(-121.610139, 38.163593)"
DHAB004,2021-12-27T00:00:00Z,2021,12,Microcystins,0,Preece,Upper Sacramento,Upper Sac,"c(-121.610139, 38.163593)"
DHAB005,2021-01-08T00:00:00Z,2021,1,Microcystins,0,Preece,SDWSC,Cache/Liberty,"c(-121.657713, 38.194555)"
DHAB005,2021-02-10T00:00:00Z,2021,2,Microcystins,0,Preece,SDWSC,Cache/Liberty,"c(-121.657713, 38.194555)"
DHAB005,2021-03-31T00:00:00Z,2021,3,Microcystins,0,Preece,SDWSC,Cache/Liberty,"c(-121.657713, 38.194555)"
DHAB005,2021-04-19T00:00:00Z,2021,4,Microcystins,0,Preece,SDWSC,Cache/Liberty,"c(-121.657713, 38.194555)"
DHAB005,2021-05-17T00:00:00Z,2021,5,Microcystins,0,Preece,SDWSC,Cache/Liberty,"c(-121.657713, 38.194555)"
DHAB005,2021-05-17T00:00:00Z,2021,5,Microcystins,0,Preece,SDWSC,Cache/Liberty,"c(-121.657713, 38.194555)"
DHAB005,2021-06-03T00:00:00Z,2021,6,Microcystins,0,Preece,SDWSC,Cache/Liberty,"c(-121.657713, 38.194555)"
DHAB005,2021-06-18T00:00:00Z,2021,6,Microcystins,0,Preece,SDWSC,Cache/Liberty,"c(-121.657713, 38.194555)"
DHAB005,2021-07-07T00:00:00Z,2021,7,Microcystins,0,Preece,SDWSC,Cache/Liberty,"c(-121.657713, 38.194555)"
DHAB005,2021-08-11T00:00:00Z,2021,8,Microcystins,0,Preece,SDWSC,Cache/Liberty,"c(-121.657713, 38.194555)"
DHAB005,2021-08-31T00:00:00Z,2021,8,Microcystins,0,Preece,SDWSC,Cache/Liberty,"c(-121.657713, 38.194555)"
DHAB005,2021-09-05T00:00:00Z,2021,9,Microcystins,0,Preece,SDWSC,Cache/Liberty,"c(-121.657713, 38.194555)"
DHAB005,2021-09-22T00:00:00Z,2021,9,Microcystins,0,Preece,SDWSC,Cache/Liberty,"c(-121.657713, 38.194555)"
DHAB005,2021-10-20T00:00:00Z,2021,10,Microcystins,0,Preece,SDWSC,Cache/Liberty,"c(-121.657713, 38.194555)"
DHAB005,2021-10-28T00:00:00Z,2021,10,Microcystins,0,Preece,SDWSC,Cache/Liberty,"c(-121.657713, 38.194555)"
DHAB005,2021-11-12T00:00:00Z,2021,11,Microcystins,0,Preece,SDWSC,Cache/Liberty,"c(-121.657713, 38.194555)"
DHAB005,2021-12-27T00:00:00Z,2021,12,Microcystins,0,Preece,SDWSC,Cache/Liberty,"c(-121.657713, 38.194555)"
DHAB006,2021-01-08T00:00:00Z,2021,1,Microcystins,0,Preece,Cache Slough/Liberty Island,Cache/Liberty,"c(-121.689412, 38.243985)"
DHAB006,2021-02-10T00:00:00Z,2021,2,Microcystins,0,Preece,Cache Slough/Liberty Island,Cache/Liberty,"c(-121.689412, 38.243985)"
DHAB006,2021-03-31T00:00:00Z,2021,3,Microcystins,0,Preece,Cache Slough/Liberty Island,Cache/Liberty,"c(-121.689412, 38.243985)"
DHAB006,2021-04-19T00:00:00Z,2021,4,Microcystins,0,Preece,Cache Slough/Liberty Island,Cache/Liberty,"c(-121.689412, 38.243985)"
DHAB006,2021-05-17T00:00:00Z,2021,5,Microcystins,0,Preece,Cache Slough/Liberty Island,Cache/Liberty,"c(-121.689412, 38.243985)"
DHAB006,2021-06-03T00:00:00Z,2021,6,Microcystins,0,Preece,Cache Slough/Liberty Island,Cache/Liberty,"c(-121.689412, 38.243985)"
DHAB006,2021-06-03T00:00:00Z,2021,6,Microcystins,0,Preece,Cache Slough/Liberty Island,Cache/Liberty,"c(-121.689412, 38.243985)"
DHAB006,2021-06-18T00:00:00Z,2021,6,Microcystins,0,Preece,Cache Slough/Liberty Island,Cache/Liberty,"c(-121.689412, 38.243985)"
DHAB006,2021-06-18T00:00:00Z,2021,6,Microcystins,0,Preece,Cache Slough/Liberty Island,Cache/Liberty,"c(-121.689412, 38.243985)"
DHAB006,2021-07-07T00:00:00Z,2021,7,Microcystins,0,Preece,Cache Slough/Liberty Island,Cache/Liberty,"c(-121.689412, 38.243985)"
DHAB006,2021-08-11T00:00:00Z,2021,8,Microcystins,0,Preece,Cache Slough/Liberty Island,Cache/Liberty,"c(-121.689412, 38.243985)"
DHAB006,2021-08-31T00:00:00Z,2021,8,Microcystins,0,Preece,Cache Slough/Liberty Island,Cache/Liberty,"c(-121.689412, 38.243985)"
DHAB006,2021-09-05T00:00:00Z,2021,9,Microcystins,0,Preece,Cache Slough/Liberty Island,Cache/Liberty,"c(-121.689412, 38.243985)"
DHAB006,2021-09-22T00:00:00Z,2021,9,Microcystins,0,Preece,Cache Slough/Liberty Island,Cache/Liberty,"c(-121.689412, 38.243985)"
DHAB006,2021-10-20T00:00:00Z,2021,10,Microcystins,0,Preece,Cache Slough/Liberty Island,Cache/Liberty,"c(-121.689412, 38.243985)"
DHAB006,2021-10-28T00:00:00Z,2021,10,Microcystins,0,Preece,Cache Slough/Liberty Island,Cache/Liberty,"c(-121.689412, 38.243985)"
DHAB006,2021-11-12T00:00:00Z,2021,11,Microcystins,0,Preece,Cache Slough/Liberty Island,Cache/Liberty,"c(-121.689412, 38.243985)"
DHAB006,2021-12-27T00:00:00Z,2021,12,Microcystins,0,Preece,Cache Slough/Liberty Island,Cache/Liberty,"c(-121.689412, 38.243985)"
DHAB007,2021-01-07T00:00:00Z,2021,1,Microcystins,0,Preece,South Delta,Franks,"c(-121.623448, 38.048602)"
DHAB007,2021-02-08T00:00:00Z,2021,2,Microcystins,0,Preece,South Delta,Franks,"c(-121.623448, 38.048602)"
DHAB007,2021-03-30T00:00:00Z,2021,3,Microcystins,0,Preece,South Delta,Franks,"c(-121.623448, 38.048602)"
DHAB007,2021-04-21T00:00:00Z,2021,4,Microcystins,0,Preece,South Delta,Franks,"c(-121.623448, 38.048602)"
DHAB007,2021-05-14T00:00:00Z,2021,5,Microcystins,0,Preece,South Delta,Franks,"c(-121.623448, 38.048602)"
DHAB007,2021-06-04T00:00:00Z,2021,6,Microcystins,0,Preece,South Delta,Franks,"c(-121.623448, 38.048602)"
DHAB007,2021-06-17T00:00:00Z,2021,6,Microcystins,0,Preece,South Delta,Franks,"c(-121.623448, 38.048602)"
DHAB007,2021-10-20T00:00:00Z,2021,10,Microcystins,0,Preece,South Delta,Franks,"c(-121.623448, 38.048602)"
DHAB007,2021-10-28T00:00:00Z,2021,10,Microcystins,0,Preece,South Delta,Franks,"c(-121.623448, 38.048602)"
DHAB007,2021-11-12T00:00:00Z,2021,11,Microcystins,0,Preece,South Delta,Franks,"c(-121.623448, 38.048602)"
DHAB007,2021-12-27T00:00:00Z,2021,12,Microcystins,0,Preece,South Delta,Franks,"c(-121.623448, 38.048602)"
DHAB008,2021-01-05T00:00:00Z,2021,1,Microcystins,0,Preece,South Delta,OMR,"c(-121.5737319, 37.964146)"
DHAB008,2021-02-10T00:00:00Z,2021,2,Microcystins,0,Preece,South Delta,OMR,"c(-121.5737319, 37.964146)"
DHAB008,2021-03-30T00:00:00Z,2021,3,Microcystins,0,Preece,South Delta,OMR,"c(-121.5737319, 37.964146)"
DHAB008,2021-04-22T00:00:00Z,2021,4,Microcystins,0,Preece,South Delta,OMR,"c(-121.5737319, 37.964146)"
DHAB008,2021-05-18T00:00:00Z,2021,5,Microcystins,0,Preece,South Delta,OMR,"c(-121.5737319, 37.964146)"
DHAB008,2021-06-01T00:00:00Z,2021,6,Microcystins,0,Preece,South Delta,OMR,"c(-121.5737319, 37.964146)"
DHAB008,2021-06-16T00:00:00Z,2021,6,Microcystins,0,Preece,South Delta,OMR,"c(-121.5737319, 37.964146)"
DHAB008,2021-09-05T00:00:00Z,2021,9,Microcystins,0,Preece,South Delta,OMR,"c(-121.5737319, 37.964146)"
DHAB008,2021-10-20T00:00:00Z,2021,10,Microcystins,0,Preece,South Delta,OMR,"c(-121.5737319, 37.964146)"
DHAB008,2021-11-02T00:00:00Z,2021,11,Microcystins,0,Preece,South Delta,OMR,"c(-121.5737319, 37.964146)"
DHAB008,2021-11-12T00:00:00Z,2021,11,Microcystins,0,Preece,South Delta,OMR,"c(-121.5737319, 37.964146)"
DHAB008,2021-12-27T00:00:00Z,2021,12,Microcystins,0,Preece,South Delta,OMR,"c(-121.5737319, 37.964146)"
DHAB009,2021-01-05T00:00:00Z,2021,1,Microcystins,0,Preece,South Delta,South Delta,"c(-121.443849, 37.996172)"
DHAB009,2021-02-10T00:00:00Z,2021,2,Microcystins,0,Preece,South Delta,South Delta,"c(-121.443849, 37.996172)"
DHAB009,2021-03-30T00:00:00Z,2021,3,Microcystins,0,Preece,South Delta,South Delta,"c(-121.443849, 37.996172)"
DHAB009,2021-04-22T00:00:00Z,2021,4,Microcystins,0,Preece,South Delta,South Delta,"c(-121.443849, 37.996172)"
DHAB009,2021-05-18T00:00:00Z,2021,5,Microcystins,0,Preece,South Delta,South Delta,"c(-121.443849, 37.996172)"
DHAB009,2021-06-01T00:00:00Z,2021,6,Microcystins,0,Preece,South Delta,South Delta,"c(-121.443849, 37.996172)"
DHAB009,2021-06-16T00:00:00Z,2021,6,Microcystins,0,Preece,South Delta,South Delta,"c(-121.443849, 37.996172)"
DHAB009,2021-08-11T00:00:00Z,2021,8,Microcystins,0,Preece,South Delta,South Delta,"c(-121.443849, 37.996172)"
DHAB009,2021-10-20T00:00:00Z,2021,10,Microcystins,0,Preece,South Delta,South Delta,"c(-121.443849, 37.996172)"
DHAB009,2021-10-28T00:00:00Z,2021,10,Microcystins,0,Preece,South Delta,South Delta,"c(-121.443849, 37.996172)"
DHAB009,2021-11-12T00:00:00Z,2021,11,Microcystins,0,Preece,South Delta,South Delta,"c(-121.443849, 37.996172)"
DHAB009,2021-12-27T00:00:00Z,2021,12,Microcystins,0,Preece,South Delta,South Delta,"c(-121.443849, 37.996172)"
DHAB010,2021-01-05T00:00:00Z,2021,1,Microcystins,0,Preece,South Delta,South Delta,"c(-121.528646, 37.957145)"
DHAB010,2021-02-10T00:00:00Z,2021,2,Microcystins,0,Preece,South Delta,South Delta,"c(-121.528646, 37.957145)"
DHAB010,2021-03-30T00:00:00Z,2021,3,Microcystins,0,Preece,South Delta,South Delta,"c(-121.528646, 37.957145)"
DHAB010,2021-04-22T00:00:00Z,2021,4,Microcystins,0,Preece,South Delta,South Delta,"c(-121.528646, 37.957145)"
DHAB010,2021-05-18T00:00:00Z,2021,5,Microcystins,0,Preece,South Delta,South Delta,"c(-121.528646, 37.957145)"
DHAB010,2021-06-01T00:00:00Z,2021,6,Microcystins,0,Preece,South Delta,South Delta,"c(-121.528646, 37.957145)"
DHAB010,2021-06-16T00:00:00Z,2021,6,Microcystins,0,Preece,South Delta,South Delta,"c(-121.528646, 37.957145)"
DHAB010,2021-08-11T00:00:00Z,2021,8,Microcystins,0,Preece,South Delta,South Delta,"c(-121.528646, 37.957145)"
DHAB010,2021-10-20T00:00:00Z,2021,10,Microcystins,0,Preece,South Delta,South Delta,"c(-121.528646, 37.957145)"
DHAB010,2021-10-20T00:00:00Z,2021,10,Microcystins,0,Preece,South Delta,South Delta,"c(-121.528646, 37.957145)"
DHAB010,2021-11-02T00:00:00Z,2021,11,Microcystins,0,Preece,South Delta,South Delta,"c(-121.528646, 37.957145)"
DHAB010,2021-11-12T00:00:00Z,2021,11,Microcystins,0,Preece,South Delta,South Delta,"c(-121.528646, 37.957145)"
DHAB010,2021-12-27T00:00:00Z,2021,12,Microcystins,0,Preece,South Delta,South Delta,"c(-121.528646, 37.957145)"
DHAB003,2021-07-19T00:00:00Z,2021,7,Microcystins,3.0285,Preece,Lower San Joaquin,Lower SJ,"c(-121.745763, 38.019889)"
DHAB008,2021-08-11T00:00:00Z,2021,8,Microcystins,2.9964500000000003,Preece,South Delta,OMR,"c(-121.5737319, 37.964146)"
DHAB003,2021-09-22T00:00:00Z,2021,9,Microcystins,1.78445,Preece,Lower San Joaquin,Lower SJ,"c(-121.745763, 38.019889)"
DHAB007,2021-07-19T00:00:00Z,2021,7,Microcystins,0.8220000000000001,Preece,South Delta,Franks,"c(-121.623448, 38.048602)"
DHAB008,2021-07-07T00:00:00Z,2021,7,Microcystins,0.66735,Preece,South Delta,OMR,"c(-121.5737319, 37.964146)"
DHAB007,2021-08-11T00:00:00Z,2021,8,Microcystins,0.65835,Preece,South Delta,Franks,"c(-121.623448, 38.048602)"
DHAB010,2021-07-22T00:00:00Z,2021,7,Microcystins,0.46030000000000004,Preece,South Delta,South Delta,"c(-121.528646, 37.957145)"
DHAB010,2021-07-07T00:00:00Z,2021,7,Microcystins,0.4417,Preece,South Delta,South Delta,"c(-121.528646, 37.957145)"
DHAB008,2021-08-26T00:00:00Z,2021,8,Microcystins,0.41659999999999997,Preece,South Delta,OMR,"c(-121.5737319, 37.964146)"
DHAB009,2021-07-22T00:00:00Z,2021,7,Microcystins,0.41495000000000004,Preece,South Delta,South Delta,"c(-121.443849, 37.996172)"
DHAB007,2021-07-21T00:00:00Z,2021,7,Microcystins,0.38585,Preece,South Delta,Franks,"c(-121.623448, 38.048602)"
DHAB010,2021-08-26T00:00:00Z,2021,8,Microcystins,0.33420000000000005,Preece,South Delta,South Delta,"c(-121.528646, 37.957145)"
DHAB007,2021-07-21T00:00:00Z,2021,7,Microcystins,0.3285,Preece,South Delta,Franks,"c(-121.623448, 38.048602)"
DHAB007,2021-07-19T00:00:00Z,2021,7,Microcystins,0.30115000000000003,Preece,South Delta,Franks,"c(-121.623448, 38.048602)"
DHAB009,2021-07-07T00:00:00Z,2021,7,Microcystins,0.27659999999999996,Preece,South Delta,South Delta,"c(-121.443849, 37.996172)"
DHAB002,2021-06-18T00:00:00Z,2021,6,Microcystins,0.26195,Preece,Lower Sacramento,Lower Sac,"c(-121.716123, 38.105764)"
DHAB002,2021-07-19T00:00:00Z,2021,7,Microcystins,0.24725,Preece,Lower Sacramento,Lower Sac,"c(-121.716123, 38.105764)"
DHAB003,2021-07-21T00:00:00Z,2021,7,Microcystins,0.2222,Preece,Lower San Joaquin,Lower SJ,"c(-121.745763, 38.019889)"
DHAB009,2021-09-20T00:00:00Z,2021,9,Microcystins,0.21825,Preece,South Delta,South Delta,"c(-121.443849, 37.996172)"
DHAB005,2021-07-22T00:00:00Z,2021,7,Microcystins,0.2154,Preece,SDWSC,Cache/Liberty,"c(-121.657713, 38.194555)"
DHAB002,2021-07-21T00:00:00Z,2021,7,Microcystins,0.1989,Preece,Lower Sacramento,Lower Sac,"c(-121.716123, 38.105764)"
DHAB008,2021-07-22T00:00:00Z,2021,7,Microcystins,0.19585000000000002,Preece,South Delta,OMR,"c(-121.5737319, 37.964146)"
DHAB010,2021-08-26T00:00:00Z,2021,8,Microcystins,0.18585000000000002,Preece,South Delta,South Delta,"c(-121.528646, 37.957145)"
DHAB004,2021-07-22T00:00:00Z,2021,7,Microcystins,0.182,Preece,Upper Sacramento,Upper Sac,"c(-121.610139, 38.163593)"
DHAB010,2021-09-20T00:00:00Z,2021,9,Microcystins,0.1756,Preece,South Delta,South Delta,"c(-121.528646, 37.957145)"
DHAB001,2021-07-19T00:00:00Z,2021,7,Microcystins,0.17520000000000002,Preece,Lower Sacramento,Lower Sac,"c(-121.787628, 38.045378)"
DHAB001,2021-07-21T00:00:00Z,2021,7,Microcystins,0.16425,Preece,Lower Sacramento,Lower Sac,"c(-121.787628, 38.045378)"
DHAB007,2021-08-31T00:00:00Z,2021,8,Microcystins,0.16055,Preece,South Delta,Franks,"c(-121.623448, 38.048602)"
DHAB008,2021-09-20T00:00:00Z,2021,9,Microcystins,0.1596,Preece,South Delta,OMR,"c(-121.5737319, 37.964146)"
DHAB009,2021-08-26T00:00:00Z,2021,8,Microcystins,0.1588,Preece,South Delta,South Delta,"c(-121.443849, 37.996172)"
DHAB006,2021-07-22T00:00:00Z,2021,7,Microcystins,0.15245,Preece,Cache Slough/Liberty Island,Cache/Liberty,"c(-121.689412, 38.243985)"
DHAB008,2021-08-11T00:00:00Z,2021,8,Microcystins,0.14334999999999998,Preece,South Delta,OMR,"c(-121.5737319, 37.964146)"
DHAB009,2021-09-05T00:00:00Z,2021,9,Microcystins,0.132,Preece,South Delta,South Delta,"c(-121.443849, 37.996172)"
DHAB007,2021-09-04T00:00:00Z,2021,9,Microcystins,0.12254999999999999,Preece,South Delta,Franks,"c(-121.623448, 38.048602)"
DHAB004,2021-02-10T00:00:00Z,2021,2,Microcystins,0.11285,Preece,Upper Sacramento,Upper Sac,"c(-121.610139, 38.163593)"
DHAB010,2021-09-05T00:00:00Z,2021,9,Microcystins,0.11215,Preece,South Delta,South Delta,"c(-121.528646, 37.957145)"
DHAB009,2021-09-05T00:00:00Z,2021,9,Microcystins,0.11180000000000001,Preece,South Delta,South Delta,"c(-121.443849, 37.996172)"
ALG-001,2021-03-25T00:00:00Z,NA,NA,Microcystins,0,Nautalis,South Delta,South Delta,"c(-121.336183, 37.949145)"
ALG-001,2021-03-25T00:00:00Z,NA,NA,Anatoxins,0,Nautalis,South Delta,South Delta,"c(-121.336183, 37.949145)"
ALG-002,2021-03-25T00:00:00Z,NA,NA,Microcystins,0,Nautalis,South Delta,South Delta,"c(-121.347483, 37.955427)"
ALG-002,2021-03-25T00:00:00Z,NA,NA,Anatoxins,0,Nautalis,South Delta,South Delta,"c(-121.347483, 37.955427)"
ALG-003,2021-03-25T00:00:00Z,NA,NA,Microcystins,0,Nautalis,South Delta,South Delta,"c(-121.365012, 37.963004)"
ALG-003,2021-03-25T00:00:00Z,NA,NA,Anatoxins,0,Nautalis,South Delta,South Delta,"c(-121.365012, 37.963004)"
ALG-004,2021-03-25T00:00:00Z,NA,NA,Microcystins,0,Nautalis,South Delta,South Delta,"c(-121.369207, 37.966107)"
ALG-004,2021-03-25T00:00:00Z,NA,NA,Anatoxins,0,Nautalis,South Delta,South Delta,"c(-121.369207, 37.966107)"
ALG-005,2021-03-25T00:00:00Z,NA,NA,Microcystins,0,Nautalis,South Delta,South Delta,"c(-121.373993, 37.972023)"
ALG-005,2021-03-25T00:00:00Z,NA,NA,Anatoxins,0,Nautalis,South Delta,South Delta,"c(-121.373993, 37.972023)"
ALG-006,2021-03-25T00:00:00Z,NA,NA,Microcystins,0,Nautalis,South Delta,South Delta,"c(-121.407047, 37.991004)"
ALG-006,2021-03-25T00:00:00Z,NA,NA,Anatoxins,0,Nautalis,South Delta,South Delta,"c(-121.407047, 37.991004)"
ALG-001,2021-04-14T00:00:00Z,NA,NA,Microcystins,0.15,Nautalis,South Delta,South Delta,"c(-121.336183, 37.949145)"
ALG-001,2021-04-14T00:00:00Z,NA,NA,Anatoxins,0,Nautalis,South Delta,South Delta,"c(-121.336183, 37.949145)"
ALG-002,2021-04-14T00:00:00Z,NA,NA,Microcystins,0.2,Nautalis,South Delta,South Delta,"c(-121.347483, 37.955427)"
ALG-002,2021-04-14T00:00:00Z,NA,NA,Anatoxins,0,Nautalis,South Delta,South Delta,"c(-121.347483, 37.955427)"
ALG-003,2021-04-14T00:00:00Z,NA,NA,Microcystins,0.15,Nautalis,South Delta,South Delta,"c(-121.365012, 37.963004)"
ALG-003,2021-04-14T00:00:00Z,NA,NA,Anatoxins,0,Nautalis,South Delta,South Delta,"c(-121.365012, 37.963004)"
ALG-004,2021-04-14T00:00:00Z,NA,NA,Microcystins,0.12,Nautalis,South Delta,South Delta,"c(-121.369207, 37.966107)"
ALG-004,2021-04-14T00:00:00Z,NA,NA,Anatoxins,0,Nautalis,South Delta,South Delta,"c(-121.369207, 37.966107)"
ALG-005,2021-04-14T00:00:00Z,NA,NA,Microcystins,0.15,Nautalis,South Delta,South Delta,"c(-121.373993, 37.972023)"
ALG-005,2021-04-14T00:00:00Z,NA,NA,Anatoxins,0,Nautalis,South Delta,South Delta,"c(-121.373993, 37.972023)"
ALG-006,2021-04-14T00:00:00Z,NA,NA,Microcystins,0.15,Nautalis,South Delta,South Delta,"c(-121.407047, 37.991004)"
ALG-006,2021-04-14T00:00:00Z,NA,NA,Anatoxins,0,Nautalis,South Delta,South Delta,"c(-121.407047, 37.991004)"
ALG-001,2021-04-29T00:00:00Z,NA,NA,Microcystins,0,Nautalis,South Delta,South Delta,"c(-121.336183, 37.949145)"
ALG-001,2021-04-29T00:00:00Z,NA,NA,Anatoxins,0,Nautalis,South Delta,South Delta,"c(-121.336183, 37.949145)"
ALG-002,2021-04-29T00:00:00Z,NA,NA,Microcystins,0,Nautalis,South Delta,South Delta,"c(-121.347483, 37.955427)"
ALG-002,2021-04-29T00:00:00Z,NA,NA,Anatoxins,0,Nautalis,South Delta,South Delta,"c(-121.347483, 37.955427)"
ALG-003,2021-04-29T00:00:00Z,NA,NA,Microcystins,0,Nautalis,South Delta,South Delta,"c(-121.365012, 37.963004)"
ALG-003,2021-04-29T00:00:00Z,NA,NA,Anatoxins,0,Nautalis,South Delta,South Delta,"c(-121.365012, 37.963004)"
ALG-004,2021-04-29T00:00:00Z,NA,NA,Microcystins,0,Nautalis,South Delta,South Delta,"c(-121.369207, 37.966107)"
ALG-004,2021-04-29T00:00:00Z,NA,NA,Anatoxins,0,Nautalis,South Delta,South Delta,"c(-121.369207, 37.966107)"
ALG-005,2021-04-29T00:00:00Z,NA,NA,Microcystins,0,Nautalis,South Delta,South Delta,"c(-121.373993, 37.972023)"
ALG-005,2021-04-29T00:00:00Z,NA,NA,Anatoxins,0,Nautalis,South Delta,South Delta,"c(-121.373993, 37.972023)"
ALG-006,2021-04-29T00:00:00Z,NA,NA,Microcystins,0,Nautalis,South Delta,South Delta,"c(-121.407047, 37.991004)"
ALG-006,2021-04-29T00:00:00Z,NA,NA,Anatoxins,0,Nautalis,South Delta,South Delta,"c(-121.407047, 37.991004)"
ALG-001,2021-05-13T00:00:00Z,NA,NA,Microcystins,0,Nautalis,South Delta,South Delta,"c(-121.336183, 37.949145)"
ALG-001,2021-05-13T00:00:00Z,NA,NA,Anatoxins,0,Nautalis,South Delta,South Delta,"c(-121.336183, 37.949145)"
ALG-002,2021-05-13T00:00:00Z,NA,NA,Microcystins,0,Nautalis,South Delta,South Delta,"c(-121.347483, 37.955427)"
ALG-002,2021-05-13T00:00:00Z,NA,NA,Anatoxins,0,Nautalis,South Delta,South Delta,"c(-121.347483, 37.955427)"
ALG-003,2021-05-13T00:00:00Z,NA,NA,Microcystins,0,Nautalis,South Delta,South Delta,"c(-121.365012, 37.963004)"
ALG-003,2021-05-13T00:00:00Z,NA,NA,Anatoxins,0,Nautalis,South Delta,South Delta,"c(-121.365012, 37.963004)"
ALG-004,2021-05-13T00:00:00Z,NA,NA,Microcystins,0,Nautalis,South Delta,South Delta,"c(-121.369207, 37.966107)"
ALG-004,2021-05-13T00:00:00Z,NA,NA,Anatoxins,0,Nautalis,South Delta,South Delta,"c(-121.369207, 37.966107)"
ALG-005,2021-05-13T00:00:00Z,NA,NA,Microcystins,0,Nautalis,South Delta,South Delta,"c(-121.373993, 37.972023)"
ALG-005,2021-05-13T00:00:00Z,NA,NA,Anatoxins,0,Nautalis,South Delta,South Delta,"c(-121.373993, 37.972023)"
ALG-006,2021-05-13T00:00:00Z,NA,NA,Microcystins,0,Nautalis,South Delta,South Delta,"c(-121.407047, 37.991004)"
ALG-006,2021-05-13T00:00:00Z,NA,NA,Anatoxins,0,Nautalis,South Delta,South Delta,"c(-121.407047, 37.991004)"
ALG-001,2021-05-27T00:00:00Z,NA,NA,Microcystins,0,Nautalis,South Delta,South Delta,"c(-121.336183, 37.949145)"
ALG-001,2021-05-27T00:00:00Z,NA,NA,Anatoxins,0,Nautalis,South Delta,South Delta,"c(-121.336183, 37.949145)"
ALG-002,2021-05-27T00:00:00Z,NA,NA,Microcystins,0,Nautalis,South Delta,South Delta,"c(-121.347483, 37.955427)"
ALG-002,2021-05-27T00:00:00Z,NA,NA,Anatoxins,0,Nautalis,South Delta,South Delta,"c(-121.347483, 37.955427)"
ALG-003,2021-05-27T00:00:00Z,NA,NA,Microcystins,0,Nautalis,South Delta,South Delta,"c(-121.365012, 37.963004)"
ALG-003,2021-05-27T00:00:00Z,NA,NA,Anatoxins,0,Nautalis,South Delta,South Delta,"c(-121.365012, 37.963004)"
ALG-004,2021-05-27T00:00:00Z,NA,NA,Microcystins,0,Nautalis,South Delta,South Delta,"c(-121.369207, 37.966107)"
ALG-004,2021-05-27T00:00:00Z,NA,NA,Anatoxins,0,Nautalis,South Delta,South Delta,"c(-121.369207, 37.966107)"
ALG-005,2021-05-27T00:00:00Z,NA,NA,Microcystins,0,Nautalis,South Delta,South Delta,"c(-121.373993, 37.972023)"
ALG-005,2021-05-27T00:00:00Z,NA,NA,Anatoxins,0,Nautalis,South Delta,South Delta,"c(-121.373993, 37.972023)"
ALG-006,2021-05-27T00:00:00Z,NA,NA,Microcystins,0,Nautalis,South Delta,South Delta,"c(-121.407047, 37.991004)"
ALG-006,2021-05-27T00:00:00Z,NA,NA,Anatoxins,0,Nautalis,South Delta,South Delta,"c(-121.407047, 37.991004)"
ALG-001,2021-06-09T00:00:00Z,NA,NA,Microcystins,0,Nautalis,South Delta,South Delta,"c(-121.336183, 37.949145)"
ALG-001,2021-06-09T00:00:00Z,NA,NA,Anatoxins,0,Nautalis,South Delta,South Delta,"c(-121.336183, 37.949145)"
ALG-002,2021-06-09T00:00:00Z,NA,NA,Microcystins,0,Nautalis,South Delta,South Delta,"c(-121.347483, 37.955427)"
ALG-002,2021-06-09T00:00:00Z,NA,NA,Anatoxins,0,Nautalis,South Delta,South Delta,"c(-121.347483, 37.955427)"
ALG-003,2021-06-09T00:00:00Z,NA,NA,Microcystins,0,Nautalis,South Delta,South Delta,"c(-121.365012, 37.963004)"
ALG-003,2021-06-09T00:00:00Z,NA,NA,Anatoxins,0,Nautalis,South Delta,South Delta,"c(-121.365012, 37.963004)"
ALG-004,2021-06-09T00:00:00Z,NA,NA,Microcystins,0.92,Nautalis,South Delta,South Delta,"c(-121.369207, 37.966107)"
ALG-004,2021-06-09T00:00:00Z,NA,NA,Anatoxins,0,Nautalis,South Delta,South Delta,"c(-121.369207, 37.966107)"
ALG-005,2021-06-09T00:00:00Z,NA,NA,Microcystins,0,Nautalis,South Delta,South Delta,"c(-121.373993, 37.972023)"
ALG-005,2021-06-09T00:00:00Z,NA,NA,Anatoxins,0,Nautalis,South Delta,South Delta,"c(-121.373993, 37.972023)"
ALG-006,2021-06-09T00:00:00Z,NA,NA,Microcystins,0,Nautalis,South Delta,South Delta,"c(-121.407047, 37.991004)"
ALG-006,2021-06-09T00:00:00Z,NA,NA,Anatoxins,0,Nautalis,South Delta,South Delta,"c(-121.407047, 37.991004)"
ALG-001,2021-06-22T00:00:00Z,NA,NA,Microcystins,0,Nautalis,South Delta,South Delta,"c(-121.336183, 37.949145)"
ALG-001,2021-06-22T00:00:00Z,NA,NA,Anatoxins,0,Nautalis,South Delta,South Delta,"c(-121.336183, 37.949145)"
ALG-002,2021-06-22T00:00:00Z,NA,NA,Microcystins,0,Nautalis,South Delta,South Delta,"c(-121.347483, 37.955427)"
ALG-002,2021-06-22T00:00:00Z,NA,NA,Anatoxins,0,Nautalis,South Delta,South Delta,"c(-121.347483, 37.955427)"
ALG-003,2021-06-22T00:00:00Z,NA,NA,Microcystins,0,Nautalis,South Delta,South Delta,"c(-121.365012, 37.963004)"
ALG-003,2021-06-22T00:00:00Z,NA,NA,Anatoxins,0,Nautalis,South Delta,South Delta,"c(-121.365012, 37.963004)"
ALG-004,2021-06-22T00:00:00Z,NA,NA,Microcystins,0.15,Nautalis,South Delta,South Delta,"c(-121.369207, 37.966107)"
ALG-004,2021-06-22T00:00:00Z,NA,NA,Anatoxins,0,Nautalis,South Delta,South Delta,"c(-121.369207, 37.966107)"
ALG-005,2021-06-22T00:00:00Z,NA,NA,Microcystins,0,Nautalis,South Delta,South Delta,"c(-121.373993, 37.972023)"
ALG-005,2021-06-22T00:00:00Z,NA,NA,Anatoxins,0,Nautalis,South Delta,South Delta,"c(-121.373993, 37.972023)"
ALG-006,2021-06-22T00:00:00Z,NA,NA,Microcystins,0,Nautalis,South Delta,South Delta,"c(-121.407047, 37.991004)"
ALG-006,2021-06-22T00:00:00Z,NA,NA,Anatoxins,0,Nautalis,South Delta,South Delta,"c(-121.407047, 37.991004)"
ALG-001,2021-07-06T00:00:00Z,NA,NA,Microcystins,0.28,Nautalis,South Delta,South Delta,"c(-121.336183, 37.949145)"
ALG-001,2021-07-06T00:00:00Z,NA,NA,Anatoxins,0,Nautalis,South Delta,South Delta,"c(-121.336183, 37.949145)"
ALG-002,2021-07-06T00:00:00Z,NA,NA,Microcystins,0,Nautalis,South Delta,South Delta,"c(-121.347483, 37.955427)"
ALG-002,2021-07-06T00:00:00Z,NA,NA,Anatoxins,0,Nautalis,South Delta,South Delta,"c(-121.347483, 37.955427)"
ALG-003,2021-07-06T00:00:00Z,NA,NA,Microcystins,0,Nautalis,South Delta,South Delta,"c(-121.365012, 37.963004)"
ALG-003,2021-07-06T00:00:00Z,NA,NA,Anatoxins,0,Nautalis,South Delta,South Delta,"c(-121.365012, 37.963004)"
ALG-004,2021-07-06T00:00:00Z,NA,NA,Microcystins,0,Nautalis,South Delta,South Delta,"c(-121.369207, 37.966107)"
ALG-004,2021-07-06T00:00:00Z,NA,NA,Anatoxins,0,Nautalis,South Delta,South Delta,"c(-121.369207, 37.966107)"
ALG-005,2021-07-06T00:00:00Z,NA,NA,Microcystins,0.14,Nautalis,South Delta,South Delta,"c(-121.373993, 37.972023)"
ALG-005,2021-07-06T00:00:00Z,NA,NA,Anatoxins,0,Nautalis,South Delta,South Delta,"c(-121.373993, 37.972023)"
ALG-006,2021-07-06T00:00:00Z,NA,NA,Microcystins,0.23,Nautalis,South Delta,South Delta,"c(-121.407047, 37.991004)"
ALG-006,2021-07-06T00:00:00Z,NA,NA,Anatoxins,0,Nautalis,South Delta,South Delta,"c(-121.407047, 37.991004)"
ALG-001,2021-07-20T00:00:00Z,NA,NA,Microcystins,0,Nautalis,South Delta,South Delta,"c(-121.336183, 37.949145)"
ALG-001,2021-07-20T00:00:00Z,NA,NA,Anatoxins,0,Nautalis,South Delta,South Delta,"c(-121.336183, 37.949145)"
ALG-002,2021-07-20T00:00:00Z,NA,NA,Microcystins,0,Nautalis,South Delta,South Delta,"c(-121.347483, 37.955427)"
ALG-002,2021-07-20T00:00:00Z,NA,NA,Anatoxins,0,Nautalis,South Delta,South Delta,"c(-121.347483, 37.955427)"
ALG-003,2021-07-20T00:00:00Z,NA,NA,Microcystins,0,Nautalis,South Delta,South Delta,"c(-121.365012, 37.963004)"
ALG-003,2021-07-20T00:00:00Z,NA,NA,Anatoxins,0,Nautalis,South Delta,South Delta,"c(-121.365012, 37.963004)"
ALG-004,2021-07-20T00:00:00Z,NA,NA,Microcystins,0,Nautalis,South Delta,South Delta,"c(-121.369207, 37.966107)"
ALG-004,2021-07-20T00:00:00Z,NA,NA,Anatoxins,0,Nautalis,South Delta,South Delta,"c(-121.369207, 37.966107)"
ALG-005,2021-07-20T00:00:00Z,NA,NA,Microcystins,0,Nautalis,South Delta,South Delta,"c(-121.373993, 37.972023)"
ALG-005,2021-07-20T00:00:00Z,NA,NA,Anatoxins,0,Nautalis,South Delta,South Delta,"c(-121.373993, 37.972023)"
ALG-006,2021-07-20T00:00:00Z,NA,NA,Microcystins,0.14,Nautalis,South Delta,South Delta,"c(-121.407047, 37.991004)"
ALG-006,2021-07-20T00:00:00Z,NA,NA,Anatoxins,0,Nautalis,South Delta,South Delta,"c(-121.407047, 37.991004)"
ALG-001,2021-08-03T00:00:00Z,NA,NA,Microcystins,0.17,Nautalis,South Delta,South Delta,"c(-121.336183, 37.949145)"
ALG-001,2021-08-03T00:00:00Z,NA,NA,Anatoxins,0,Nautalis,South Delta,South Delta,"c(-121.336183, 37.949145)"
ALG-002,2021-08-03T00:00:00Z,NA,NA,Microcystins,0.23,Nautalis,South Delta,South Delta,"c(-121.347483, 37.955427)"
ALG-002,2021-08-03T00:00:00Z,NA,NA,Anatoxins,0,Nautalis,South Delta,South Delta,"c(-121.347483, 37.955427)"
ALG-003,2021-08-03T00:00:00Z,NA,NA,Microcystins,0.16,Nautalis,South Delta,South Delta,"c(-121.365012, 37.963004)"
ALG-003,2021-08-03T00:00:00Z,NA,NA,Anatoxins,0,Nautalis,South Delta,South Delta,"c(-121.365012, 37.963004)"
ALG-004,2021-08-03T00:00:00Z,NA,NA,Microcystins,0.19,Nautalis,South Delta,South Delta,"c(-121.369207, 37.966107)"
ALG-004,2021-08-03T00:00:00Z,NA,NA,Anatoxins,0,Nautalis,South Delta,South Delta,"c(-121.369207, 37.966107)"
ALG-005,2021-08-03T00:00:00Z,NA,NA,Microcystins,2.38,Nautalis,South Delta,South Delta,"c(-121.373993, 37.972023)"
ALG-005,2021-08-03T00:00:00Z,NA,NA,Anatoxins,0,Nautalis,South Delta,South Delta,"c(-121.373993, 37.972023)"
ALG-006,2021-08-03T00:00:00Z,NA,NA,Microcystins,0.3,Nautalis,South Delta,South Delta,"c(-121.407047, 37.991004)"
ALG-006,2021-08-03T00:00:00Z,NA,NA,Anatoxins,0,Nautalis,South Delta,South Delta,"c(-121.407047, 37.991004)"
ALG-001,2021-08-17T00:00:00Z,NA,NA,Microcystins,0.27,Nautalis,South Delta,South Delta,"c(-121.336183, 37.949145)"
ALG-001,2021-08-17T00:00:00Z,NA,NA,Anatoxins,0,Nautalis,South Delta,South Delta,"c(-121.336183, 37.949145)"
ALG-002,2021-08-17T00:00:00Z,NA,NA,Microcystins,0.19,Nautalis,South Delta,South Delta,"c(-121.347483, 37.955427)"
ALG-002,2021-08-17T00:00:00Z,NA,NA,Anatoxins,0,Nautalis,South Delta,South Delta,"c(-121.347483, 37.955427)"
ALG-003,2021-08-17T00:00:00Z,NA,NA,Microcystins,0.17,Nautalis,South Delta,South Delta,"c(-121.365012, 37.963004)"
ALG-003,2021-08-17T00:00:00Z,NA,NA,Anatoxins,0,Nautalis,South Delta,South Delta,"c(-121.365012, 37.963004)"
ALG-004,2021-08-17T00:00:00Z,NA,NA,Microcystins,0.14,Nautalis,South Delta,South Delta,"c(-121.369207, 37.966107)"
ALG-004,2021-08-17T00:00:00Z,NA,NA,Anatoxins,0,Nautalis,South Delta,South Delta,"c(-121.369207, 37.966107)"
ALG-005,2021-08-17T00:00:00Z,NA,NA,Microcystins,0,Nautalis,South Delta,South Delta,"c(-121.373993, 37.972023)"
ALG-005,2021-08-17T00:00:00Z,NA,NA,Anatoxins,0,Nautalis,South Delta,South Delta,"c(-121.373993, 37.972023)"
ALG-006,2021-08-17T00:00:00Z,NA,NA,Microcystins,0.16,Nautalis,South Delta,South Delta,"c(-121.407047, 37.991004)"
ALG-006,2021-08-17T00:00:00Z,NA,NA,Anatoxins,0,Nautalis,South Delta,South Delta,"c(-121.407047, 37.991004)"
ALG-001,2021-09-07T00:00:00Z,NA,NA,Microcystins,0,Nautalis,South Delta,South Delta,"c(-121.336183, 37.949145)"
ALG-001,2021-09-07T00:00:00Z,NA,NA,Anatoxins,0,Nautalis,South Delta,South Delta,"c(-121.336183, 37.949145)"
ALG-002,2021-09-07T00:00:00Z,NA,NA,Microcystins,1.06,Nautalis,South Delta,South Delta,"c(-121.347483, 37.955427)"
ALG-002,2021-09-07T00:00:00Z,NA,NA,Anatoxins,0,Nautalis,South Delta,South Delta,"c(-121.347483, 37.955427)"
ALG-003,2021-09-07T00:00:00Z,NA,NA,Microcystins,0.24,Nautalis,South Delta,South Delta,"c(-121.365012, 37.963004)"
ALG-003,2021-09-07T00:00:00Z,NA,NA,Anatoxins,0,Nautalis,South Delta,South Delta,"c(-121.365012, 37.963004)"
ALG-004,2021-09-07T00:00:00Z,NA,NA,Microcystins,0,Nautalis,South Delta,South Delta,"c(-121.369207, 37.966107)"
ALG-004,2021-09-07T00:00:00Z,NA,NA,Anatoxins,0,Nautalis,South Delta,South Delta,"c(-121.369207, 37.966107)"
ALG-005,2021-09-07T00:00:00Z,NA,NA,Microcystins,0,Nautalis,South Delta,South Delta,"c(-121.373993, 37.972023)"
ALG-005,2021-09-07T00:00:00Z,NA,NA,Anatoxins,0,Nautalis,South Delta,South Delta,"c(-121.373993, 37.972023)"
ALG-006,2021-09-07T00:00:00Z,NA,NA,Microcystins,0,Nautalis,South Delta,South Delta,"c(-121.407047, 37.991004)"
ALG-006,2021-09-07T00:00:00Z,NA,NA,Anatoxins,0,Nautalis,South Delta,South Delta,"c(-121.407047, 37.991004)"
ALG-001,2021-09-21T00:00:00Z,NA,NA,Microcystins,0.2,Nautalis,South Delta,South Delta,"c(-121.336183, 37.949145)"
ALG-001,2021-09-21T00:00:00Z,NA,NA,Anatoxins,0,Nautalis,South Delta,South Delta,"c(-121.336183, 37.949145)"
ALG-002,2021-09-21T00:00:00Z,NA,NA,Microcystins,0.26,Nautalis,South Delta,South Delta,"c(-121.347483, 37.955427)"
ALG-002,2021-09-21T00:00:00Z,NA,NA,Anatoxins,0,Nautalis,South Delta,South Delta,"c(-121.347483, 37.955427)"
ALG-003,2021-09-21T00:00:00Z,NA,NA,Microcystins,0.27,Nautalis,South Delta,South Delta,"c(-121.365012, 37.963004)"
ALG-003,2021-09-21T00:00:00Z,NA,NA,Anatoxins,0,Nautalis,South Delta,South Delta,"c(-121.365012, 37.963004)"
ALG-004,2021-09-21T00:00:00Z,NA,NA,Microcystins,0.17,Nautalis,South Delta,South Delta,"c(-121.369207, 37.966107)"
ALG-004,2021-09-21T00:00:00Z,NA,NA,Anatoxins,0,Nautalis,South Delta,South Delta,"c(-121.369207, 37.966107)"
ALG-005,2021-09-21T00:00:00Z,NA,NA,Microcystins,0.2,Nautalis,South Delta,South Delta,"c(-121.373993, 37.972023)"
ALG-005,2021-09-21T00:00:00Z,NA,NA,Anatoxins,0,Nautalis,South Delta,South Delta,"c(-121.373993, 37.972023)"
ALG-006,2021-09-21T00:00:00Z,NA,NA,Microcystins,0.23,Nautalis,South Delta,South Delta,"c(-121.407047, 37.991004)"
ALG-006,2021-09-21T00:00:00Z,NA,NA,Anatoxins,0,Nautalis,South Delta,South Delta,"c(-121.407047, 37.991004)"
BigBreak,2015-10-15T00:00:00Z,NA,NA,Microcystins,23,EastBay,San Joaquin,Lower SJ,"c(-121.728242, 38.012454)"
BigBreak,2015-10-29T00:00:00Z,NA,NA,Microcystins,6.8,EastBay,San Joaquin,Lower SJ,"c(-121.728242, 38.012454)"
BigBreak,2017-08-18T00:00:00Z,NA,NA,Microcystins,0,EastBay,San Joaquin,Lower SJ,"c(-121.728242, 38.012454)"
BigBreak,2019-08-20T00:00:00Z,NA,NA,Microcystins,70.81,EastBay,San Joaquin,Lower SJ,"c(-121.728242, 38.012454)"
BigBreak,2019-10-22T00:00:00Z,NA,NA,Microcystins,0.11,EastBay,San Joaquin,Lower SJ,"c(-121.728242, 38.012454)"
BigBreak,2020-06-10T00:00:00Z,NA,NA,Microcystins,8,EastBay,San Joaquin,Lower SJ,"c(-121.728242, 38.012454)"
BigBreak,2020-06-23T00:00:00Z,NA,NA,Microcystins,50,EastBay,San Joaquin,Lower SJ,"c(-121.728242, 38.012454)"
BigBreak,2020-07-07T00:00:00Z,NA,NA,Microcystins,0,EastBay,San Joaquin,Lower SJ,"c(-121.728242, 38.012454)"
BigBreak,2020-07-22T00:00:00Z,NA,NA,Microcystins,1.01,EastBay,San Joaquin,Lower SJ,"c(-121.728242, 38.012454)"
BigBreak,2020-08-05T00:00:00Z,NA,NA,Microcystins,50,EastBay,San Joaquin,Lower SJ,"c(-121.728242, 38.012454)"
BigBreak,2020-08-12T00:00:00Z,NA,NA,Microcystins,50,EastBay,San Joaquin,Lower SJ,"c(-121.728242, 38.012454)"
BigBreak,2020-08-18T00:00:00Z,NA,NA,Microcystins,50,EastBay,San Joaquin,Lower SJ,"c(-121.728242, 38.012454)"
BigBreak,2020-08-24T00:00:00Z,NA,NA,Microcystins,6.49,EastBay,San Joaquin,Lower SJ,"c(-121.728242, 38.012454)"
BigBreak,2020-09-01T00:00:00Z,NA,NA,Microcystins,20.86,EastBay,San Joaquin,Lower SJ,"c(-121.728242, 38.012454)"
BigBreak,2020-09-21T00:00:00Z,NA,NA,Microcystins,50,EastBay,San Joaquin,Lower SJ,"c(-121.728242, 38.012454)"
BigBreak,2020-09-30T00:00:00Z,NA,NA,Microcystins,5.63,EastBay,San Joaquin,Lower SJ,"c(-121.728242, 38.012454)"
BigBreak,2020-10-05T00:00:00Z,NA,NA,Microcystins,50,EastBay,San Joaquin,Lower SJ,"c(-121.728242, 38.012454)"
BigBreak,2020-11-30T00:00:00Z,NA,NA,Microcystins,1.23,EastBay,San Joaquin,Lower SJ,"c(-121.728242, 38.012454)"
BigBreak,2020-12-07T00:00:00Z,NA,NA,Microcystins,0.74,EastBay,San Joaquin,Lower SJ,"c(-121.728242, 38.012454)"
BigBreak,2020-12-30T00:00:00Z,NA,NA,Microcystins,2.29,EastBay,San Joaquin,Lower SJ,"c(-121.728242, 38.012454)"
BigBreak,2021-01-06T00:00:00Z,NA,NA,Microcystins,0,EastBay,San Joaquin,Lower SJ,"c(-121.728242, 38.012454)"
BigBreak,2021-01-13T00:00:00Z,NA,NA,Microcystins,0.32,EastBay,San Joaquin,Lower SJ,"c(-121.728242, 38.012454)"
BigBreak,2021-01-21T00:00:00Z,NA,NA,Microcystins,0,EastBay,San Joaquin,Lower SJ,"c(-121.728242, 38.012454)"
BigBreak,2021-02-03T00:00:00Z,NA,NA,Microcystins,0.07,EastBay,San Joaquin,Lower SJ,"c(-121.728242, 38.012454)"
BigBreak,2021-02-08T00:00:00Z,NA,NA,Microcystins,0,EastBay,San Joaquin,Lower SJ,"c(-121.728242, 38.012454)"
BigBreak,2021-02-16T00:00:00Z,NA,NA,Microcystins,0.09,EastBay,San Joaquin,Lower SJ,"c(-121.728242, 38.012454)"
BigBreak,2021-02-24T00:00:00Z,NA,NA,Microcystins,0,EastBay,San Joaquin,Lower SJ,"c(-121.728242, 38.012454)"
BigBreak,2021-04-07T00:00:00Z,NA,NA,Microcystins,0.29,EastBay,San Joaquin,Lower SJ,"c(-121.728242, 38.012454)"
BigBreak,2021-04-27T00:00:00Z,NA,NA,Microcystins,0,EastBay,San Joaquin,Lower SJ,"c(-121.728242, 38.012454)"
BigBreak,2021-05-05T00:00:00Z,NA,NA,Microcystins,0,EastBay,San Joaquin,Lower SJ,"c(-121.728242, 38.012454)"
BigBreak,2021-05-12T00:00:00Z,NA,NA,Microcystins,0,EastBay,San Joaquin,Lower SJ,"c(-121.728242, 38.012454)"
BigBreak,2021-05-19T00:00:00Z,NA,NA,Microcystins,0.04,EastBay,San Joaquin,Lower SJ,"c(-121.728242, 38.012454)"
BigBreak,2021-05-25T00:00:00Z,NA,NA,Microcystins,0.04,EastBay,San Joaquin,Lower SJ,"c(-121.728242, 38.012454)"
BigBreak,2021-06-07T00:00:00Z,NA,NA,Microcystins,50,EastBay,San Joaquin,Lower SJ,"c(-121.728242, 38.012454)"
BigBreak,2021-06-14T00:00:00Z,NA,NA,Microcystins,7.25,EastBay,San Joaquin,Lower SJ,"c(-121.728242, 38.012454)"
BigBreak,2021-06-21T00:00:00Z,NA,NA,Microcystins,1.38,EastBay,San Joaquin,Lower SJ,"c(-121.728242, 38.012454)"
BigBreak,2021-06-29T00:00:00Z,NA,NA,Microcystins,50,EastBay,San Joaquin,Lower SJ,"c(-121.728242, 38.012454)"
BigBreak,2021-07-20T00:00:00Z,NA,NA,Microcystins,0.09,EastBay,San Joaquin,Lower SJ,"c(-121.728242, 38.012454)"
BigBreak,2021-08-03T00:00:00Z,NA,NA,Microcystins,0.27,EastBay,San Joaquin,Lower SJ,"c(-121.728242, 38.012454)"
BigBreak,2021-08-10T00:00:00Z,NA,NA,Microcystins,2.84,EastBay,San Joaquin,Lower SJ,"c(-121.728242, 38.012454)"
BigBreak,2021-08-18T00:00:00Z,NA,NA,Microcystins,0.07,EastBay,San Joaquin,Lower SJ,"c(-121.728242, 38.012454)"
BigBreak,2021-08-24T00:00:00Z,NA,NA,Microcystins,0,EastBay,San Joaquin,Lower SJ,"c(-121.728242, 38.012454)"
BigBreak,2021-08-31T00:00:00Z,NA,NA,Microcystins,0,EastBay,San Joaquin,Lower SJ,"c(-121.728242, 38.012454)"
BigBreak,2021-09-08T00:00:00Z,NA,NA,Microcystins,4.84,EastBay,San Joaquin,Lower SJ,"c(-121.728242, 38.012454)"
BigBreak,2021-09-14T00:00:00Z,NA,NA,Microcystins,0.02,EastBay,San Joaquin,Lower SJ,"c(-121.728242, 38.012454)"
BigBreak,2021-09-21T00:00:00Z,NA,NA,Microcystins,0,EastBay,San Joaquin,Lower SJ,"c(-121.728242, 38.012454)"
BigBreak,2021-09-28T00:00:00Z,NA,NA,Microcystins,2.79,EastBay,San Joaquin,Lower SJ,"c(-121.728242, 38.012454)"
BigBreak,2021-10-05T00:00:00Z,NA,NA,Microcystins,1.12,EastBay,San Joaquin,Lower SJ,"c(-121.728242, 38.012454)"
BigBreak,2021-10-11T00:00:00Z,NA,NA,Microcystins,0.02,EastBay,San Joaquin,Lower SJ,"c(-121.728242, 38.012454)"
BigBreak,2021-10-19T00:00:00Z,NA,NA,Microcystins,0.37,EastBay,San Joaquin,Lower SJ,"c(-121.728242, 38.012454)"
BigBreak,2021-10-26T00:00:00Z,NA,NA,Microcystins,0,EastBay,San Joaquin,Lower SJ,"c(-121.728242, 38.012454)"
BigBreak,2021-11-04T00:00:00Z,NA,NA,Microcystins,0,EastBay,San Joaquin,Lower SJ,"c(-121.728242, 38.012454)"
