Station,Date,Genus,CountperML,Month,fMonth,Year,fYear,AlgalType,Stratum,Stratum2,nudge,colors,geometry,year,month
P8,2014-05-08T00:00:00Z,Planktothrix,65.03,5,May,2014,2014,Cyanobacterium,Southern Delta,South Delta,0,#FDB462,"c(-121.3823, 37.97817)",2014,5
P8,2014-06-05T00:00:00Z,Microcystis,1040.5,6,Jun,2014,2014,Cyanobacterium,Southern Delta,South Delta,0,#FDB462,"c(-121.3823, 37.97817)",2014,6
P8,2014-06-05T00:00:00Z,Aphanizomenon,130.06,6,Jun,2014,2014,Cyanobacterium,Southern Delta,South Delta,0,#FDB462,"c(-121.3823, 37.97817)",2014,6
D19,2014-07-02T00:00:00Z,Microcystis,2483,7,Jul,2014,2014,Cyanobacterium,Franks Tract,Franks,0,#80B1D3,"c(-121.6148, 38.04376)",2014,7
D28A,2014-07-02T00:00:00Z,Microcystis,4021.09,7,Jul,2014,2014,Cyanobacterium,Old and Middle river,OMR,0,#B3DE69,"c(-121.573, 37.97048)",2014,7
D28A,2014-07-02T00:00:00Z,Dolichospermum,303.48,7,Jul,2014,2014,NA,Old and Middle river,OMR,0,#B3DE69,"c(-121.573, 37.97048)",2014,7
D26,2014-07-03T00:00:00Z,Microcystis,606.96,7,Jul,2014,2014,Cyanobacterium,Lower San Joaquin,Lower SJ,0,#FB8072,"c(-121.5669, 38.07664)",2014,7
D26,2014-07-03T00:00:00Z,Aphanizomenon,303.48,7,Jul,2014,2014,Cyanobacterium,Lower San Joaquin,Lower SJ,0,#FB8072,"c(-121.5669, 38.07664)",2014,7
P8,2014-07-03T00:00:00Z,Aphanizomenon,170.71,7,Jul,2014,2014,Cyanobacterium,Southern Delta,South Delta,0,#FDB462,"c(-121.3823, 37.97817)",2014,7
P8,2014-08-15T00:00:00Z,Aphanizomenon,91.04,8,Aug,2014,2014,Cyanobacterium,Southern Delta,South Delta,0,#FDB462,"c(-121.3823, 37.97817)",2014,8
D19,2014-09-15T00:00:00Z,Aphanizomenon,455.22,9,Sep,2014,2014,Cyanobacterium,Franks Tract,Franks,0,#80B1D3,"c(-121.6148, 38.04376)",2014,9
D28A,2014-09-15T00:00:00Z,Aphanizomenon,455.22,9,Sep,2014,2014,Cyanobacterium,Old and Middle river,OMR,0,#B3DE69,"c(-121.573, 37.97048)",2014,9
D28A,2014-09-15T00:00:00Z,Dolichospermum,151.74,9,Sep,2014,2014,NA,Old and Middle river,OMR,0,#B3DE69,"c(-121.573, 37.97048)",2014,9
MD10A,2014-09-16T00:00:00Z,Oscillatoria,182.09,9,Sep,2014,2014,Cyanobacterium,Eastern Delta,East Delta,0,#FFFFB3,"c(-121.4199, 38.04226)",2014,9
P8,2014-09-16T00:00:00Z,Aphanizomenon,91.04,9,Sep,2014,2014,Cyanobacterium,Southern Delta,South Delta,0,#FDB462,"c(-121.3823, 37.97817)",2014,9
D26,2014-10-02T00:00:00Z,Planktothrix,252.9,10,Oct,2014,2014,Cyanobacterium,Lower San Joaquin,Lower SJ,0,#FB8072,"c(-121.5669, 38.07664)",2014,10
D19,2014-11-12T00:00:00Z,Aphanizomenon,189.67,11,Nov,2014,2014,Cyanobacterium,Franks Tract,Franks,0,#80B1D3,"c(-121.6148, 38.04376)",2014,11
D19,2014-11-12T00:00:00Z,Dolichospermum,189.67,11,Nov,2014,2014,NA,Franks Tract,Franks,0,#80B1D3,"c(-121.6148, 38.04376)",2014,11
D28A,2014-11-12T00:00:00Z,Aphanizomenon,119.79,11,Nov,2014,2014,Cyanobacterium,Old and Middle river,OMR,0,#B3DE69,"c(-121.573, 37.97048)",2014,11
MD10A,2014-11-13T00:00:00Z,Aphanizomenon,45.52,11,Nov,2014,2014,Cyanobacterium,Eastern Delta,East Delta,0,#FFFFB3,"c(-121.4199, 38.04226)",2014,11
D26,2014-11-13T00:00:00Z,Aphanizomenon,130.06,11,Nov,2014,2014,Cyanobacterium,Lower San Joaquin,Lower SJ,0,#FB8072,"c(-121.5669, 38.07664)",2014,11
D4,2015-01-16T00:00:00Z,Dolichospermum,189.67,1,Jan,2015,2015,NA,Lower Sacramento,Lower Sac,0,#BEBADA,"c(-121.8205, 38.06248)",2015,1
D19,2015-06-08T00:00:00Z,Aphanizomenon,94.84,6,Jun,2015,2015,Cyanobacterium,Franks Tract,Franks,0,#80B1D3,"c(-121.6148, 38.04376)",2015,6
D28A,2015-06-08T00:00:00Z,Aphanizomenon,84.3,6,Jun,2015,2015,Cyanobacterium,Old and Middle river,OMR,0,#B3DE69,"c(-121.573, 37.97048)",2015,6
D26,2015-06-09T00:00:00Z,Aphanizomenon,182.09,6,Jun,2015,2015,Cyanobacterium,Lower San Joaquin,Lower SJ,0,#FB8072,"c(-121.5669, 38.07664)",2015,6
P8,2015-06-09T00:00:00Z,Aphanizomenon,227.61,6,Jun,2015,2015,Cyanobacterium,Southern Delta,South Delta,0,#FDB462,"c(-121.3823, 37.97817)",2015,6
D19,2015-07-08T00:00:00Z,Aphanizomenon,569.02,7,Jul,2015,2015,Cyanobacterium,Franks Tract,Franks,0,#80B1D3,"c(-121.6148, 38.04376)",2015,7
D28A,2015-07-08T00:00:00Z,Aphanizomenon,569.02,7,Jul,2015,2015,Cyanobacterium,Old and Middle river,OMR,0,#B3DE69,"c(-121.573, 37.97048)",2015,7
MD10A,2015-07-09T00:00:00Z,Aphanizomenon,265.54,7,Jul,2015,2015,Cyanobacterium,Eastern Delta,East Delta,0,#FFFFB3,"c(-121.4199, 38.04226)",2015,7
MD10A,2015-07-09T00:00:00Z,Oscillatoria,37.93,7,Jul,2015,2015,Cyanobacterium,Eastern Delta,East Delta,0,#FFFFB3,"c(-121.4199, 38.04226)",2015,7
MD10A,2015-07-09T00:00:00Z,Anabaenopsis,113.8,7,Jul,2015,2015,NA,Eastern Delta,East Delta,0,#FFFFB3,"c(-121.4199, 38.04226)",2015,7
D26,2015-07-09T00:00:00Z,Aphanizomenon,284.51,7,Jul,2015,2015,Cyanobacterium,Lower San Joaquin,Lower SJ,0,#FB8072,"c(-121.5669, 38.07664)",2015,7
P8,2015-07-09T00:00:00Z,Aphanizomenon,56.9,7,Jul,2015,2015,Cyanobacterium,Southern Delta,South Delta,0,#FDB462,"c(-121.3823, 37.97817)",2015,7
D19,2015-08-19T00:00:00Z,Microcystis,650.31,8,Aug,2015,2015,Cyanobacterium,Franks Tract,Franks,0,#80B1D3,"c(-121.6148, 38.04376)",2015,8
D28A,2015-08-19T00:00:00Z,Aphanizomenon,84.3,8,Aug,2015,2015,Cyanobacterium,Old and Middle river,OMR,0,#B3DE69,"c(-121.573, 37.97048)",2015,8
MD10A,2015-08-25T00:00:00Z,Microcystis,637.3,8,Aug,2015,2015,Cyanobacterium,Eastern Delta,East Delta,0,#FFFFB3,"c(-121.4199, 38.04226)",2015,8
MD10A,2015-08-25T00:00:00Z,Dolichospermum,91.04,8,Aug,2015,2015,Cyanobacterium,Eastern Delta,East Delta,0,#FFFFB3,"c(-121.4199, 38.04226)",2015,8
MD10A,2015-08-25T00:00:00Z,Aphanizomenon,227.61,8,Aug,2015,2015,Cyanobacterium,Eastern Delta,East Delta,0,#FFFFB3,"c(-121.4199, 38.04226)",2015,8
D26,2015-08-25T00:00:00Z,Microcystis,1011.59,8,Aug,2015,2015,Cyanobacterium,Lower San Joaquin,Lower SJ,0,#FB8072,"c(-121.5669, 38.07664)",2015,8
D26,2015-08-25T00:00:00Z,Aphanizomenon,126.45,8,Aug,2015,2015,Cyanobacterium,Lower San Joaquin,Lower SJ,0,#FB8072,"c(-121.5669, 38.07664)",2015,8
P8,2015-08-25T00:00:00Z,Microcystis,270.96,8,Aug,2015,2015,Cyanobacterium,Southern Delta,South Delta,0,#FDB462,"c(-121.3823, 37.97817)",2015,8
P8,2015-08-25T00:00:00Z,Dolichospermum,108.39,8,Aug,2015,2015,Cyanobacterium,Southern Delta,South Delta,0,#FDB462,"c(-121.3823, 37.97817)",2015,8
P8,2015-08-25T00:00:00Z,Aphanizomenon,108.39,8,Aug,2015,2015,Cyanobacterium,Southern Delta,South Delta,0,#FDB462,"c(-121.3823, 37.97817)",2015,8
P8,2015-08-25T00:00:00Z,Dolichospermum,54.19,8,Aug,2015,2015,NA,Southern Delta,South Delta,0,#FDB462,"c(-121.3823, 37.97817)",2015,8
D28A,2015-09-17T00:00:00Z,Aphanizomenon,126.45,9,Sep,2015,2015,Cyanobacterium,Old and Middle river,OMR,0,#B3DE69,"c(-121.573, 37.97048)",2015,9
MD10A,2015-09-21T00:00:00Z,Aphanizomenon,284.51,9,Sep,2015,2015,Cyanobacterium,Eastern Delta,East Delta,0,#FFFFB3,"c(-121.4199, 38.04226)",2015,9
P8,2015-09-21T00:00:00Z,Aphanizomenon,94.84,9,Sep,2015,2015,Cyanobacterium,Southern Delta,South Delta,0,#FDB462,"c(-121.3823, 37.97817)",2015,9
D28A,2015-10-19T00:00:00Z,Aphanizomenon,68.97,10,Oct,2015,2015,Cyanobacterium,Old and Middle river,OMR,0,#B3DE69,"c(-121.573, 37.97048)",2015,10
P8,2015-10-20T00:00:00Z,Aphanizomenon,68.97,10,Oct,2015,2015,Cyanobacterium,Southern Delta,South Delta,0,#FDB462,"c(-121.3823, 37.97817)",2015,10
D19,2015-11-02T00:00:00Z,Aphanizomenon,103.46,11,Nov,2015,2015,Cyanobacterium,Franks Tract,Franks,0,#80B1D3,"c(-121.6148, 38.04376)",2015,11
D19,2015-12-02T00:00:00Z,Aphanizomenon,175.08,12,Dec,2015,2015,Cyanobacterium,Franks Tract,Franks,0,#80B1D3,"c(-121.6148, 38.04376)",2015,12
D28A,2015-12-02T00:00:00Z,Aphanizomenon,47.42,12,Dec,2015,2015,Cyanobacterium,Old and Middle river,OMR,0,#B3DE69,"c(-121.573, 37.97048)",2015,12
MD10A,2015-12-03T00:00:00Z,Aphanizomenon,37.93,12,Dec,2015,2015,Cyanobacterium,Eastern Delta,East Delta,0,#FFFFB3,"c(-121.4199, 38.04226)",2015,12
D28A,2016-01-04T00:00:00Z,Aphanizomenon,151.74,1,Jan,2016,2016,Cyanobacterium,Old and Middle river,OMR,0,#B3DE69,"c(-121.573, 37.97048)",2016,1
MD10A,2016-01-05T00:00:00Z,Planktothrix,30.35,1,Jan,2016,2016,Cyanobacterium,Eastern Delta,East Delta,0,#FFFFB3,"c(-121.4199, 38.04226)",2016,1
P8,2016-02-02T00:00:00Z,Planktothrix,91.04,2,Feb,2016,2016,Cyanobacterium,Southern Delta,South Delta,0,#FDB462,"c(-121.3823, 37.97817)",2016,2
P8,2016-05-12T00:00:00Z,Microcystis,151.74,5,May,2016,2016,Cyanobacterium,Southern Delta,South Delta,0,#FDB462,"c(-121.3823, 37.97817)",2016,5
P8,2016-05-12T00:00:00Z,Dolichospermum,151.74,5,May,2016,2016,Cyanobacterium,Southern Delta,South Delta,0,#FDB462,"c(-121.3823, 37.97817)",2016,5
D28A,2016-06-09T00:00:00Z,Microcystis,151.74,6,Jun,2016,2016,Cyanobacterium,Old and Middle river,OMR,0,#B3DE69,"c(-121.573, 37.97048)",2016,6
D19,2016-07-11T00:00:00Z,Microcystis,3576.71,7,Jul,2016,2016,Cyanobacterium,Franks Tract,Franks,0,#80B1D3,"c(-121.6148, 38.04376)",2016,7
D19,2016-07-11T00:00:00Z,Cylindrospermopsis,325.16,7,Jul,2016,2016,NA,Franks Tract,Franks,0,#80B1D3,"c(-121.6148, 38.04376)",2016,7
D28A,2016-07-11T00:00:00Z,Microcystis,4400.43,7,Jul,2016,2016,Cyanobacterium,Old and Middle river,OMR,0,#B3DE69,"c(-121.573, 37.97048)",2016,7
D28A,2016-07-11T00:00:00Z,Aphanizomenon,303.48,7,Jul,2016,2016,Cyanobacterium,Old and Middle river,OMR,0,#B3DE69,"c(-121.573, 37.97048)",2016,7
MD10A,2016-07-12T00:00:00Z,Microcystis,17753.480000000003,7,Jul,2016,2016,Cyanobacterium,Eastern Delta,East Delta,0,#FFFFB3,"c(-121.4199, 38.04226)",2016,7
MD10A,2016-07-12T00:00:00Z,Planktothrix,151.74,7,Jul,2016,2016,Cyanobacterium,Eastern Delta,East Delta,0,#FFFFB3,"c(-121.4199, 38.04226)",2016,7
MD10A,2016-07-12T00:00:00Z,Dolichospermum,910.43,7,Jul,2016,2016,NA,Eastern Delta,East Delta,0,#FFFFB3,"c(-121.4199, 38.04226)",2016,7
MD10A,2016-07-12T00:00:00Z,Anabaenopsis,1062.17,7,Jul,2016,2016,NA,Eastern Delta,East Delta,0,#FFFFB3,"c(-121.4199, 38.04226)",2016,7
D16,2016-07-12T00:00:00Z,Microcystis,3034.78,7,Jul,2016,2016,Cyanobacterium,Lower San Joaquin,Lower SJ,0,#FB8072,"c(-121.6691, 38.0969)",2016,7
D16,2016-07-12T00:00:00Z,Aphanizomenon,303.48,7,Jul,2016,2016,Cyanobacterium,Lower San Joaquin,Lower SJ,0,#FB8072,"c(-121.6691, 38.0969)",2016,7
D26,2016-07-12T00:00:00Z,Microcystis,3034.78,7,Jul,2016,2016,Cyanobacterium,Lower San Joaquin,Lower SJ,0,#FB8072,"c(-121.5669, 38.07664)",2016,7
P8,2016-07-12T00:00:00Z,Microcystis,7890.43,7,Jul,2016,2016,Cyanobacterium,Southern Delta,South Delta,0,#FDB462,"c(-121.3823, 37.97817)",2016,7
P8,2016-07-12T00:00:00Z,Anabaenopsis,303.48,7,Jul,2016,2016,NA,Southern Delta,South Delta,0,#FDB462,"c(-121.3823, 37.97817)",2016,7
D4,2016-07-13T00:00:00Z,Microcystis,910.43,7,Jul,2016,2016,Cyanobacterium,Lower Sacramento,Lower Sac,0,#BEBADA,"c(-121.8205, 38.06248)",2016,7
D12,2016-08-08T00:00:00Z,Microcystis,1138.04,8,Aug,2016,2016,Cyanobacterium,Lower San Joaquin,Lower SJ,0,#FB8072,"c(-121.8063, 38.02161)",2016,8
D19,2016-08-08T00:00:00Z,Microcystis,2427.83,8,Aug,2016,2016,Cyanobacterium,Franks Tract,Franks,0,#80B1D3,"c(-121.6148, 38.04376)",2016,8
D28A,2016-08-08T00:00:00Z,Microcystis,606.96,8,Aug,2016,2016,Cyanobacterium,Old and Middle river,OMR,0,#B3DE69,"c(-121.573, 37.97048)",2016,8
D28A,2016-08-08T00:00:00Z,Aphanizomenon,151.74,8,Aug,2016,2016,Cyanobacterium,Old and Middle river,OMR,0,#B3DE69,"c(-121.573, 37.97048)",2016,8
MD10A,2016-08-09T00:00:00Z,Microcystis,3641.74,8,Aug,2016,2016,Cyanobacterium,Eastern Delta,East Delta,0,#FFFFB3,"c(-121.4199, 38.04226)",2016,8
D16,2016-08-09T00:00:00Z,Microcystis,5852.8,8,Aug,2016,2016,Cyanobacterium,Lower San Joaquin,Lower SJ,0,#FB8072,"c(-121.6691, 38.0969)",2016,8
D26,2016-08-09T00:00:00Z,Microcystis,4005.91,8,Aug,2016,2016,Cyanobacterium,Lower San Joaquin,Lower SJ,0,#FB8072,"c(-121.5669, 38.07664)",2016,8
P8,2016-08-09T00:00:00Z,Microcystis,6373.04,8,Aug,2016,2016,Cyanobacterium,Southern Delta,South Delta,0,#FDB462,"c(-121.3823, 37.97817)",2016,8
D28A,2016-09-06T00:00:00Z,Cylindrospermopsis,151.74,9,Sep,2016,2016,NA,Old and Middle river,OMR,0,#B3DE69,"c(-121.573, 37.97048)",2016,9
P8,2016-09-09T00:00:00Z,Cylindrospermopsis,151.74,9,Sep,2016,2016,NA,Southern Delta,South Delta,0,#FDB462,"c(-121.3823, 37.97817)",2016,9
D12,2016-11-03T00:00:00Z,Aphanizomenon,650.31,11,Nov,2016,2016,Cyanobacterium,Lower San Joaquin,Lower SJ,0,#FB8072,"c(-121.8063, 38.02161)",2016,11
MD10A,2017-03-07T00:00:00Z,Cylindrospermopsis,14566.96,3,Mar,2017,2017,NA,Eastern Delta,East Delta,0,#FFFFB3,"c(-121.4199, 38.04226)",2017,3
C9,2017-07-12T00:00:00Z,Microcystis,606.96,7,Jul,2017,2017,Cyanobacterium,Southern Delta,South Delta,0,#FDB462,"c(-121.554, 37.83095)",2017,7
MD10A,2017-07-17T00:00:00Z,Microcystis,303.48,7,Jul,2017,2017,Cyanobacterium,Eastern Delta,East Delta,0,#FFFFB3,"c(-121.4199, 38.04226)",2017,7
P8,2017-07-17T00:00:00Z,Microcystis,910.43,7,Jul,2017,2017,Cyanobacterium,Southern Delta,South Delta,0,#FDB462,"c(-121.3823, 37.97817)",2017,7
C9,2017-08-11T00:00:00Z,Microcystis,867.08,8,Aug,2017,2017,Cyanobacterium,Southern Delta,South Delta,0,#FDB462,"c(-121.554, 37.83095)",2017,8
C9,2017-09-11T00:00:00Z,Microcystis,1138.04,9,Sep,2017,2017,Cyanobacterium,Southern Delta,South Delta,0,#FDB462,"c(-121.554, 37.83095)",2017,9
D19,2017-09-12T00:00:00Z,Microcystis,455.22,9,Sep,2017,2017,Cyanobacterium,Franks Tract,Franks,0,#80B1D3,"c(-121.6148, 38.04376)",2017,9
D28A,2017-09-12T00:00:00Z,Microcystis,1062.17,9,Sep,2017,2017,Cyanobacterium,Old and Middle river,OMR,0,#B3DE69,"c(-121.573, 37.97048)",2017,9
D19,2017-10-10T00:00:00Z,Microcystis,364.17,10,Oct,2017,2017,Cyanobacterium,Franks Tract,Franks,0,#80B1D3,"c(-121.6148, 38.04376)",2017,10
D28A,2017-10-10T00:00:00Z,Microcystis,1138.04,10,Oct,2017,2017,Cyanobacterium,Old and Middle river,OMR,0,#B3DE69,"c(-121.573, 37.97048)",2017,10
C9,2017-10-11T00:00:00Z,Microcystis,7178.43,10,Oct,2017,2017,Cyanobacterium,Southern Delta,South Delta,0,#FDB462,"c(-121.554, 37.83095)",2017,10
C9,2017-11-08T00:00:00Z,Microcystis,162.58,11,Nov,2017,2017,Cyanobacterium,Southern Delta,South Delta,0,#FDB462,"c(-121.554, 37.83095)",2017,11
D28A,2017-11-13T00:00:00Z,Microcystis,303.48,11,Nov,2017,2017,Cyanobacterium,Old and Middle river,OMR,0,#B3DE69,"c(-121.573, 37.97048)",2017,11
P8,2018-05-09T00:00:00Z,Planktothrix,577.39,5,May,2018,2018,Cyanobacterium,Southern Delta,South Delta,0,#FDB462,"c(-121.3823, 37.97817)",2018,5
C9,2018-06-04T00:00:00Z,Microcystis,252.9,6,Jun,2018,2018,Cyanobacterium,Southern Delta,South Delta,0,#FDB462,"c(-121.554, 37.83095)",2018,6
MD10A,2018-06-07T00:00:00Z,Dolichospermum,413.83,6,Jun,2018,2018,Cyanobacterium,Eastern Delta,East Delta,0,#FFFFB3,"c(-121.4199, 38.04226)",2018,6
D16,2018-07-09T00:00:00Z,Microcystis,1138.04,7,Jul,2018,2018,Cyanobacterium,Lower San Joaquin,Lower SJ,0,#FB8072,"c(-121.6691, 38.0969)",2018,7
D16,2018-07-09T00:00:00Z,Aphanizomenon,758.7,7,Jul,2018,2018,Cyanobacterium,Lower San Joaquin,Lower SJ,0,#FB8072,"c(-121.6691, 38.0969)",2018,7
D26,2018-07-09T00:00:00Z,Microcystis,3793.48,7,Jul,2018,2018,Cyanobacterium,Lower San Joaquin,Lower SJ,0,#FB8072,"c(-121.5669, 38.07664)",2018,7
D26,2018-07-09T00:00:00Z,Aphanizomenon,379.35,7,Jul,2018,2018,Cyanobacterium,Lower San Joaquin,Lower SJ,0,#FB8072,"c(-121.5669, 38.07664)",2018,7
C3A,2018-07-17T00:00:00Z,Dolichospermum,419.92,7,Jul,2018,2018,Cyanobacterium,Upper Sacramento,Upper Sac,0.1,#D9D9D9,"c(-121.5205, 38.36771)",2018,7
D4,2018-07-18T00:00:00Z,Dolichospermum,769.85,7,Jul,2018,2018,Cyanobacterium,Lower Sacramento,Lower Sac,0,#BEBADA,"c(-121.8205, 38.06248)",2018,7
D19,2018-07-19T00:00:00Z,Microcystis,1625.78,7,Jul,2018,2018,Cyanobacterium,Franks Tract,Franks,0,#80B1D3,"c(-121.6148, 38.04376)",2018,7
D19,2018-07-19T00:00:00Z,Aphanizomenon,325.16,7,Jul,2018,2018,Cyanobacterium,Franks Tract,Franks,0,#80B1D3,"c(-121.6148, 38.04376)",2018,7
D28A,2018-07-19T00:00:00Z,Microcystis,2845.11,7,Jul,2018,2018,Cyanobacterium,Old and Middle river,OMR,0,#B3DE69,"c(-121.573, 37.97048)",2018,7
D28A,2018-07-19T00:00:00Z,Aphanizomenon,284.51,7,Jul,2018,2018,Cyanobacterium,Old and Middle river,OMR,0,#B3DE69,"c(-121.573, 37.97048)",2018,7
C9,2018-08-01T00:00:00Z,Microcystis,2731.3,8,Aug,2018,2018,Cyanobacterium,Southern Delta,South Delta,0,#FDB462,"c(-121.554, 37.83095)",2018,8
C9,2018-08-01T00:00:00Z,Aphanizomenon,455.22,8,Aug,2018,2018,Cyanobacterium,Southern Delta,South Delta,0,#FDB462,"c(-121.554, 37.83095)",2018,8
D28A,2018-08-03T00:00:00Z,Microcystis,1770.29,8,Aug,2018,2018,Cyanobacterium,Old and Middle river,OMR,0,#B3DE69,"c(-121.573, 37.97048)",2018,8
D26,2018-08-06T00:00:00Z,Microcystis,827.67,8,Aug,2018,2018,Cyanobacterium,Lower San Joaquin,Lower SJ,0,#FB8072,"c(-121.5669, 38.07664)",2018,8
P8,2018-08-06T00:00:00Z,Microcystis,569.02,8,Aug,2018,2018,Cyanobacterium,Southern Delta,South Delta,0,#FDB462,"c(-121.3823, 37.97817)",2018,8
D19,2018-09-14T00:00:00Z,Microcystis,569.02,9,Sep,2018,2018,Cyanobacterium,Franks Tract,Franks,0,#80B1D3,"c(-121.6148, 38.04376)",2018,9
D16,2018-09-17T00:00:00Z,Microcystis,569.02,9,Sep,2018,2018,Cyanobacterium,Lower San Joaquin,Lower SJ,0,#FB8072,"c(-121.6691, 38.0969)",2018,9
C9,2018-09-20T00:00:00Z,Microcystis,6828.26,9,Sep,2018,2018,Cyanobacterium,Southern Delta,South Delta,0,#FDB462,"c(-121.554, 37.83095)",2018,9
C9,2018-10-11T00:00:00Z,Microcystis,5007.39,10,Oct,2018,2018,Cyanobacterium,Southern Delta,South Delta,0,#FDB462,"c(-121.554, 37.83095)",2018,10
C3A,2018-10-12T00:00:00Z,Microcystis,60.7,10,Oct,2018,2018,Cyanobacterium,Upper Sacramento,Upper Sac,0.1,#D9D9D9,"c(-121.5205, 38.36771)",2018,10
D12,2018-10-15T00:00:00Z,Microcystis,162.58,10,Oct,2018,2018,Cyanobacterium,Lower San Joaquin,Lower SJ,0,#FB8072,"c(-121.8063, 38.02161)",2018,10
D19,2018-10-15T00:00:00Z,Microcystis,401.66,10,Oct,2018,2018,Cyanobacterium,Franks Tract,Franks,0,#80B1D3,"c(-121.6148, 38.04376)",2018,10
D28A,2018-10-15T00:00:00Z,Microcystis,606.96,10,Oct,2018,2018,Cyanobacterium,Old and Middle river,OMR,0,#B3DE69,"c(-121.573, 37.97048)",2018,10
C9,2018-11-09T00:00:00Z,Microcystis,75.87,11,Nov,2018,2018,Cyanobacterium,Southern Delta,South Delta,0,#FDB462,"c(-121.554, 37.83095)",2018,11
C9,2018-12-10T00:00:00Z,Microcystis,89.26,12,Dec,2018,2018,Cyanobacterium,Southern Delta,South Delta,0,#FDB462,"c(-121.554, 37.83095)",2018,12
D12,2018-12-12T00:00:00Z,Microcystis,252.9,12,Dec,2018,2018,Cyanobacterium,Lower San Joaquin,Lower SJ,0,#FB8072,"c(-121.8063, 38.02161)",2018,12
MD10A,2018-12-13T00:00:00Z,Microcystis,126.45,12,Dec,2018,2018,Cyanobacterium,Eastern Delta,East Delta,0,#FFFFB3,"c(-121.4199, 38.04226)",2018,12
C9,2019-01-18T00:00:00Z,Microcystis,300.49,1,Jan,2019,2019,Cyanobacterium,Southern Delta,South Delta,0,#FDB462,"c(-121.554, 37.83095)",2019,1
D22,2019-02-12T00:00:00Z,Microcystis,901.46,2,Feb,2019,2019,Cyanobacterium,Lower Sacramento,Lower Sac,0,#BEBADA,"c(-121.7391, 38.08453)",2019,2
C9,2019-03-11T00:00:00Z,Microcystis,751.23,3,Mar,2019,2019,Cyanobacterium,Southern Delta,South Delta,0,#FDB462,"c(-121.554, 37.83095)",2019,3
D28A,2019-03-13T00:00:00Z,Microcystis,187.8,3,Mar,2019,2019,Cyanobacterium,Old and Middle river,OMR,0,#B3DE69,"c(-121.573, 37.97048)",2019,3
D16,2019-03-14T00:00:00Z,Microcystis,901.46,3,Mar,2019,2019,Cyanobacterium,Lower San Joaquin,Lower SJ,0,#FB8072,"c(-121.6691, 38.0969)",2019,3
D16,2019-04-12T00:00:00Z,Microcystis,563.42,4,Apr,2019,2019,Cyanobacterium,Lower San Joaquin,Lower SJ,0,#FB8072,"c(-121.6691, 38.0969)",2019,4
D28A,2019-07-09T00:00:00Z,Microcystis,281.7,7,Jul,2019,2019,Cyanobacterium,Old and Middle river,OMR,0,#B3DE69,"c(-121.573, 37.97048)",2019,7
MD10A,2019-08-07T00:00:00Z,Dolichospermum,1609.86,8,Aug,2019,2019,Cyanobacterium,Eastern Delta,East Delta,0,#FFFFB3,"c(-121.4199, 38.04226)",2019,8
C9,2019-09-03T00:00:00Z,Dolichospermum,153.32,9,Sep,2019,2019,Cyanobacterium,Southern Delta,South Delta,0,#FDB462,"c(-121.554, 37.83095)",2019,9
C9,2019-10-01T00:00:00Z,Microcystis,139.38,10,Oct,2019,2019,Cyanobacterium,Southern Delta,South Delta,0,#FDB462,"c(-121.554, 37.83095)",2019,10
D19,2020-06-10T00:00:00Z,Dolichospermum,262.86,6,Jun,2020,2020,Cyanobacterium,Franks Tract,Franks,0,#80B1D3,"c(-121.6148, 38.04376)",2020,6
D19,2020-06-10T00:00:00Z,Aphanizomenon,43.81,6,Jun,2020,2020,Cyanobacterium,Franks Tract,Franks,0,#80B1D3,"c(-121.6148, 38.04376)",2020,6
D28A,2020-06-10T00:00:00Z,Dolichospermum,178.08,6,Jun,2020,2020,Cyanobacterium,Old and Middle river,OMR,0,#B3DE69,"c(-121.573, 37.97048)",2020,6
D28A,2020-06-10T00:00:00Z,Aphanizomenon,89.04,6,Jun,2020,2020,Cyanobacterium,Old and Middle river,OMR,0,#B3DE69,"c(-121.573, 37.97048)",2020,6
D26,2020-06-11T00:00:00Z,Dolichospermum,76.66,6,Jun,2020,2020,Cyanobacterium,Lower San Joaquin,Lower SJ,0,#FB8072,"c(-121.5669, 38.07664)",2020,6
D26,2020-06-11T00:00:00Z,Aphanizomenon,76.66,6,Jun,2020,2020,Cyanobacterium,Lower San Joaquin,Lower SJ,0,#FB8072,"c(-121.5669, 38.07664)",2020,6
C9,2020-06-11T00:00:00Z,Dolichospermum,10.65,6,Jun,2020,2020,Cyanobacterium,Southern Delta,South Delta,0,#FDB462,"c(-121.554, 37.83095)",2020,6
NZ068,2020-06-15T00:00:00Z,Dolichospermum,42.59,6,Jun,2020,2020,Cyanobacterium,Lower Sacramento,Lower Sac,0,#BEBADA,"c(-121.6895, 38.14272)",2020,6
C9,2020-07-08T00:00:00Z,Dolichospermum,104.54,7,Jul,2020,2020,Cyanobacterium,Southern Delta,South Delta,0,#FDB462,"c(-121.554, 37.83095)",2020,7
C9,2020-07-08T00:00:00Z,Aphanizomenon,418.16,7,Jul,2020,2020,Cyanobacterium,Southern Delta,South Delta,0,#FDB462,"c(-121.554, 37.83095)",2020,7
D12,2020-07-09T00:00:00Z,Aphanizomenon,353.82,7,Jul,2020,2020,Cyanobacterium,Lower San Joaquin,Lower SJ,0,#FB8072,"c(-121.8063, 38.02161)",2020,7
D16,2020-07-09T00:00:00Z,Aphanizomenon,176.91,7,Jul,2020,2020,Cyanobacterium,Lower San Joaquin,Lower SJ,0,#FB8072,"c(-121.6691, 38.0969)",2020,7
D19,2020-07-09T00:00:00Z,Aphanizomenon,564.9,7,Jul,2020,2020,Cyanobacterium,Franks Tract,Franks,0,#80B1D3,"c(-121.6148, 38.04376)",2020,7
D28A,2020-07-09T00:00:00Z,Aphanizomenon,503.09,7,Jul,2020,2020,Cyanobacterium,Old and Middle river,OMR,0,#B3DE69,"c(-121.573, 37.97048)",2020,7
MD10A,2020-07-13T00:00:00Z,Aphanizomenon,265.38,7,Jul,2020,2020,Cyanobacterium,Eastern Delta,East Delta,0,#FFFFB3,"c(-121.4199, 38.04226)",2020,7
D26,2020-07-13T00:00:00Z,Aphanizomenon,278.76,7,Jul,2020,2020,Cyanobacterium,Lower San Joaquin,Lower SJ,0,#FB8072,"c(-121.5669, 38.07664)",2020,7
P8,2020-07-13T00:00:00Z,Aphanizomenon,170.36,7,Jul,2020,2020,Cyanobacterium,Southern Delta,South Delta,0,#FDB462,"c(-121.3823, 37.97817)",2020,7
C9,2020-08-06T00:00:00Z,Dolichospermum,117.94,8,Aug,2020,2020,Cyanobacterium,Southern Delta,South Delta,0,#FDB462,"c(-121.554, 37.83095)",2020,8
C9,2020-08-06T00:00:00Z,Aphanizomenon,117.94,8,Aug,2020,2020,Cyanobacterium,Southern Delta,South Delta,0,#FDB462,"c(-121.554, 37.83095)",2020,8
D12,2020-08-10T00:00:00Z,Aphanizomenon,408.86,8,Aug,2020,2020,Cyanobacterium,Lower San Joaquin,Lower SJ,0,#FB8072,"c(-121.8063, 38.02161)",2020,8
D19,2020-08-10T00:00:00Z,Aphanizomenon,104.54,8,Aug,2020,2020,Cyanobacterium,Franks Tract,Franks,0,#80B1D3,"c(-121.6148, 38.04376)",2020,8
MD10A,2020-08-11T00:00:00Z,Dolichospermum,164.28,8,Aug,2020,2020,Cyanobacterium,Eastern Delta,East Delta,0,#FFFFB3,"c(-121.4199, 38.04226)",2020,8
MD10A,2020-08-11T00:00:00Z,Aphanizomenon,54.76,8,Aug,2020,2020,Cyanobacterium,Eastern Delta,East Delta,0,#FFFFB3,"c(-121.4199, 38.04226)",2020,8
D19,2020-09-08T00:00:00Z,Aphanizomenon,99.99,9,Sep,2020,2020,Cyanobacterium,Franks Tract,Franks,0,#80B1D3,"c(-121.6148, 38.04376)",2020,9
D28A,2020-09-08T00:00:00Z,Aphanizomenon,73.01,9,Sep,2020,2020,Cyanobacterium,Old and Middle river,OMR,0,#B3DE69,"c(-121.573, 37.97048)",2020,9
MD10A,2020-09-09T00:00:00Z,Aphanizomenon,127.76,9,Sep,2020,2020,Cyanobacterium,Eastern Delta,East Delta,0,#FFFFB3,"c(-121.4199, 38.04226)",2020,9
P8,2020-09-09T00:00:00Z,Aphanizomenon,82.14,9,Sep,2020,2020,Cyanobacterium,Southern Delta,South Delta,0,#FDB462,"c(-121.3823, 37.97817)",2020,9
C9,2020-10-06T00:00:00Z,Dolichospermum,145.4,10,Oct,2020,2020,Cyanobacterium,Southern Delta,South Delta,0,#FDB462,"c(-121.554, 37.83095)",2020,10
D19,2020-11-05T00:00:00Z,Oscillatoria,176.92,11,Nov,2020,2020,Cyanobacterium,Franks Tract,Franks,0,#80B1D3,"c(-121.6148, 38.04376)",2020,11
MD10A,2020-11-06T00:00:00Z,Aphanizomenon,41.82,11,Nov,2020,2020,Cyanobacterium,Eastern Delta,East Delta,0,#FFFFB3,"c(-121.4199, 38.04226)",2020,11
D26,2021-05-05T00:00:00Z,Aphanizomenon,42.5897456753972,5,May,2021,2021,Cyanobacterium,Lower San Joaquin,Lower SJ,0,#FB8072,"c(-121.5669, 38.07664)",2021,5
D28A,2021-06-02T00:00:00Z,Microcystis,38.3307711078575,6,Jun,2021,2021,Cyanobacterium,Old and Middle river,OMR,0,#B3DE69,"c(-121.573, 37.97048)",2021,6
P8,2021-06-03T00:00:00Z,Microcystis,246.412099979084,6,Jun,2021,2021,Cyanobacterium,Southern Delta,South Delta,0,#FDB462,"c(-121.3823, 37.97817)",2021,6
P8,2021-06-03T00:00:00Z,Aphanizomenon,41.0686833298473,6,Jun,2021,2021,Cyanobacterium,Southern Delta,South Delta,0,#FDB462,"c(-121.3823, 37.97817)",2021,6
C9,2021-07-14T00:00:00Z,Microcystis,4753.01561737433,7,Jul,2021,2021,Cyanobacterium,Southern Delta,South Delta,0,#FDB462,"c(-121.554, 37.83095)",2021,7
C9,2021-07-14T00:00:00Z,Aphanizomenon,689.953879941435,7,Jul,2021,2021,Cyanobacterium,Southern Delta,South Delta,0,#FDB462,"c(-121.554, 37.83095)",2021,7
C3A,2021-07-14T00:00:00Z,Microcystis,20.5343416649237,7,Jul,2021,2021,Cyanobacterium,Upper Sacramento,Upper Sac,0.1,#D9D9D9,"c(-121.5205, 38.36771)",2021,7
D16,2021-07-15T00:00:00Z,Microcystis,4312.21174963397,7,Jul,2021,2021,Cyanobacterium,Lower San Joaquin,Lower SJ,0,#FB8072,"c(-121.6691, 38.0969)",2021,7
D12,2021-07-15T00:00:00Z,Microcystis,1651.17167849232,7,Jul,2021,2021,Cyanobacterium,Lower San Joaquin,Lower SJ,0,#FB8072,"c(-121.8063, 38.02161)",2021,7
D19,2021-07-15T00:00:00Z,Microcystis,402.473096632504,7,Jul,2021,2021,Cyanobacterium,Franks Tract,Franks,0,#80B1D3,"c(-121.6148, 38.04376)",2021,7
D19,2021-07-15T00:00:00Z,Dolichospermum,747.450036603221,7,Jul,2021,2021,Cyanobacterium,Franks Tract,Franks,0,#80B1D3,"c(-121.6148, 38.04376)",2021,7
D19,2021-07-15T00:00:00Z,Aphanizomenon,402.473096632504,7,Jul,2021,2021,Cyanobacterium,Franks Tract,Franks,0,#80B1D3,"c(-121.6148, 38.04376)",2021,7
D28A,2021-07-15T00:00:00Z,Dolichospermum,541.140297993282,7,Jul,2021,2021,Cyanobacterium,Old and Middle river,OMR,0,#B3DE69,"c(-121.573, 37.97048)",2021,7
D28A,2021-07-15T00:00:00Z,Aphanizomenon,879.352984239084,7,Jul,2021,2021,Cyanobacterium,Old and Middle river,OMR,0,#B3DE69,"c(-121.573, 37.97048)",2021,7
MD10A,2021-07-16T00:00:00Z,Microcystis,1073.26159102001,7,Jul,2021,2021,Cyanobacterium,Eastern Delta,East Delta,0,#FFFFB3,"c(-121.4199, 38.04226)",2021,7
MD10A,2021-07-16T00:00:00Z,Aphanizomenon,102.215389620953,7,Jul,2021,2021,Cyanobacterium,Eastern Delta,East Delta,0,#FFFFB3,"c(-121.4199, 38.04226)",2021,7
D26,2021-07-16T00:00:00Z,Microcystis,1371.83812386016,7,Jul,2021,2021,Cyanobacterium,Lower San Joaquin,Lower SJ,0,#FB8072,"c(-121.5669, 38.07664)",2021,7
P8,2021-07-16T00:00:00Z,Microcystis,780.304983267099,7,Jul,2021,2021,Cyanobacterium,Southern Delta,South Delta,0,#FDB462,"c(-121.3823, 37.97817)",2021,7
P8,2021-07-16T00:00:00Z,Aphanizomenon,41.0686833298473,7,Jul,2021,2021,Cyanobacterium,Southern Delta,South Delta,0,#FDB462,"c(-121.3823, 37.97817)",2021,7
D22,2021-07-19T00:00:00Z,Aphanizomenon,204.430779241907,7,Jul,2021,2021,Cyanobacterium,Lower Sacramento,Lower Sac,0,#BEBADA,"c(-121.7391, 38.08453)",2021,7
NZ068,2021-07-19T00:00:00Z,Microcystis,383.307711078575,7,Jul,2021,2021,Cyanobacterium,Lower Sacramento,Lower Sac,0,#BEBADA,"c(-121.6895, 38.14272)",2021,7
NZ068,2021-07-19T00:00:00Z,Aphanizomenon,76.661542215715,7,Jul,2021,2021,Cyanobacterium,Lower Sacramento,Lower Sac,0,#BEBADA,"c(-121.6895, 38.14272)",2021,7
C9,2021-08-12T00:00:00Z,Microcystis,2146.52318204002,8,Aug,2021,2021,Cyanobacterium,Southern Delta,South Delta,0,#FDB462,"c(-121.554, 37.83095)",2021,8
C9,2021-08-12T00:00:00Z,Aphanizomenon,204.430779241907,8,Aug,2021,2021,Cyanobacterium,Southern Delta,South Delta,0,#FDB462,"c(-121.554, 37.83095)",2021,8
C3A,2021-08-12T00:00:00Z,Microcystis,17.0358982701589,8,Aug,2021,2021,Cyanobacterium,Upper Sacramento,Upper Sac,0.1,#D9D9D9,"c(-121.5205, 38.36771)",2021,8
D16,2021-08-13T00:00:00Z,Microcystis,6771.76956238816,8,Aug,2021,2021,Cyanobacterium,Lower San Joaquin,Lower SJ,0,#FB8072,"c(-121.6691, 38.0969)",2021,8
D16,2021-08-13T00:00:00Z,Dolichospermum,1022.15389620953,8,Aug,2021,2021,Cyanobacterium,Lower San Joaquin,Lower SJ,0,#FB8072,"c(-121.6691, 38.0969)",2021,8
D16,2021-08-13T00:00:00Z,Aphanizomenon,127.769237026192,8,Aug,2021,2021,Cyanobacterium,Lower San Joaquin,Lower SJ,0,#FB8072,"c(-121.6691, 38.0969)",2021,8
D12,2021-08-13T00:00:00Z,Microcystis,473.497760744122,8,Aug,2021,2021,Cyanobacterium,Lower San Joaquin,Lower SJ,0,#FB8072,"c(-121.8063, 38.02161)",2021,8
D12,2021-08-13T00:00:00Z,Dolichospermum,67.6425372491603,8,Aug,2021,2021,Cyanobacterium,Lower San Joaquin,Lower SJ,0,#FB8072,"c(-121.8063, 38.02161)",2021,8
D12,2021-08-13T00:00:00Z,Aphanizomenon,67.6425372491603,8,Aug,2021,2021,Cyanobacterium,Lower San Joaquin,Lower SJ,0,#FB8072,"c(-121.8063, 38.02161)",2021,8
D19,2021-08-13T00:00:00Z,Microcystis,5017.84639957407,8,Aug,2021,2021,Cyanobacterium,Franks Tract,Franks,0,#80B1D3,"c(-121.6148, 38.04376)",2021,8
D19,2021-08-13T00:00:00Z,Dolichospermum,3972.46173299614,8,Aug,2021,2021,Cyanobacterium,Franks Tract,Franks,0,#80B1D3,"c(-121.6148, 38.04376)",2021,8
D19,2021-08-13T00:00:00Z,Aphanizomenon,731.769266604552,8,Aug,2021,2021,Cyanobacterium,Franks Tract,Franks,0,#80B1D3,"c(-121.6148, 38.04376)",2021,8
D28A,2021-08-13T00:00:00Z,Microcystis,6388.46185130958,8,Aug,2021,2021,Cyanobacterium,Old and Middle river,OMR,0,#B3DE69,"c(-121.573, 37.97048)",2021,8
D28A,2021-08-13T00:00:00Z,Dolichospermum,1277.69237026192,8,Aug,2021,2021,Cyanobacterium,Old and Middle river,OMR,0,#B3DE69,"c(-121.573, 37.97048)",2021,8
D28A,2021-08-13T00:00:00Z,Aphanizomenon,127.769237026192,8,Aug,2021,2021,Cyanobacterium,Old and Middle river,OMR,0,#B3DE69,"c(-121.573, 37.97048)",2021,8
MD10A,2021-08-16T00:00:00Z,Aphanizomenon,137.990775988287,8,Aug,2021,2021,Cyanobacterium,Eastern Delta,East Delta,0,#FFFFB3,"c(-121.4199, 38.04226)",2021,8
D26,2021-08-16T00:00:00Z,Microcystis,5572.70441491159,8,Aug,2021,2021,Cyanobacterium,Lower San Joaquin,Lower SJ,0,#FB8072,"c(-121.5669, 38.07664)",2021,8
D26,2021-08-16T00:00:00Z,Dolichospermum,3095.9468971731,8,Aug,2021,2021,Cyanobacterium,Lower San Joaquin,Lower SJ,0,#FB8072,"c(-121.5669, 38.07664)",2021,8
D26,2021-08-16T00:00:00Z,Aphanizomenon,353.822502534069,8,Aug,2021,2021,Cyanobacterium,Lower San Joaquin,Lower SJ,0,#FB8072,"c(-121.5669, 38.07664)",2021,8
D26,2021-08-16T00:00:00Z,Oscillatoria,265.366876900552,8,Aug,2021,2021,Cyanobacterium,Lower San Joaquin,Lower SJ,0,#FB8072,"c(-121.5669, 38.07664)",2021,8
P8,2021-08-16T00:00:00Z,Microcystis,1103.9262079063,8,Aug,2021,2021,Cyanobacterium,Southern Delta,South Delta,0,#FDB462,"c(-121.3823, 37.97817)",2021,8
P8,2021-08-16T00:00:00Z,Dolichospermum,245.316935090288,8,Aug,2021,2021,Cyanobacterium,Southern Delta,South Delta,0,#FDB462,"c(-121.3823, 37.97817)",2021,8
NZ068,2021-08-17T00:00:00Z,Microcystis,670.788494387506,8,Aug,2021,2021,Cyanobacterium,Lower Sacramento,Lower Sac,0,#BEBADA,"c(-121.6895, 38.14272)",2021,8
NZ068,2021-08-17T00:00:00Z,Aphanizomenon,95.8269277696437,8,Aug,2021,2021,Cyanobacterium,Lower Sacramento,Lower Sac,0,#BEBADA,"c(-121.6895, 38.14272)",2021,8
D22,2021-08-17T00:00:00Z,Microcystis,180.380099331094,8,Aug,2021,2021,Cyanobacterium,Lower Sacramento,Lower Sac,0,#BEBADA,"c(-121.7391, 38.08453)",2021,8
C9,2021-09-09T00:00:00Z,Microcystis,421.638482186432,9,Sep,2021,2021,Cyanobacterium,Southern Delta,South Delta,0,#FDB462,"c(-121.554, 37.83095)",2021,9
MD10A,2021-09-10T00:00:00Z,Microcystis,57.4961566617862,9,Sep,2021,2021,Cyanobacterium,Eastern Delta,East Delta,0,#FFFFB3,"c(-121.4199, 38.04226)",2021,9
P8,2021-09-10T00:00:00Z,Microcystis,1379.90775988287,9,Sep,2021,2021,Cyanobacterium,Southern Delta,South Delta,0,#FDB462,"c(-121.3823, 37.97817)",2021,9
D12,2021-09-13T00:00:00Z,Microcystis,131.419786655511,9,Sep,2021,2021,Cyanobacterium,Lower San Joaquin,Lower SJ,0,#FB8072,"c(-121.8063, 38.02161)",2021,9
D16,2021-09-13T00:00:00Z,Microcystis,207.728049874841,9,Sep,2021,2021,Cyanobacterium,Lower San Joaquin,Lower SJ,0,#FB8072,"c(-121.6691, 38.0969)",2021,9
D19,2021-09-13T00:00:00Z,Microcystis,459.96925329429,9,Sep,2021,2021,Cyanobacterium,Franks Tract,Franks,0,#80B1D3,"c(-121.6148, 38.04376)",2021,9
D22,2021-09-14T00:00:00Z,Microcystis,202.927611747481,9,Sep,2021,2021,Cyanobacterium,Lower Sacramento,Lower Sac,0,#BEBADA,"c(-121.7391, 38.08453)",2021,9
NZ068,2021-09-14T00:00:00Z,Microcystis,76.661542215715,9,Sep,2021,2021,Cyanobacterium,Lower Sacramento,Lower Sac,0,#BEBADA,"c(-121.6895, 38.14272)",2021,9
C9,2021-10-11T00:00:00Z,Aphanizomenon,24.2089080681205,10,Oct,2021,2021,Cyanobacterium,Southern Delta,South Delta,0,#FDB462,"c(-121.554, 37.83095)",2021,10
C3A,2021-10-11T00:00:00Z,Planktothrix,23.9567319424109,10,Oct,2021,2021,Cyanobacterium,Upper Sacramento,Upper Sac,0.1,#D9D9D9,"c(-121.5205, 38.36771)",2021,10
NZ068,2021-10-22T00:00:00Z,Microcystis,127.769237026192,10,Oct,2021,2021,Cyanobacterium,Lower Sacramento,Lower Sac,0,#BEBADA,"c(-121.6895, 38.14272)",2021,10
D19,2022-01-06T00:00:00Z,Microcystis,47.91346388482186,1,Jan,2022,2022,Cyanobacterium,Franks Tract,Franks,0,#80B1D3,"c(-121.6148, 38.04376)",2022,1
C3A,2022-02-07T00:00:00Z,Planktothrix,73.01099258639522,2,Feb,2022,2022,Cyanobacterium,Upper Sacramento,Upper Sac,0.1,#D9D9D9,"c(-121.5205, 38.36771)",2022,2
NZ068,2022-02-10T00:00:00Z,Planktothrix,38.65287842809158,2,Feb,2022,2022,Cyanobacterium,Lower Sacramento,Lower Sac,0,#BEBADA,"c(-121.6895, 38.14272)",2022,2
C9,2022-06-20T00:00:00Z,Microcystis,36.50549629319761,6,Jun,2022,2022,Cyanobacterium,Southern Delta,South Delta,0,#FDB462,"c(-121.554, 37.83095)",2022,6
D16,2022-06-21T00:00:00Z,Microcystis,28.569518838154654,6,Jun,2022,2022,Cyanobacterium,Lower San Joaquin,Lower SJ,0,#FB8072,"c(-121.6691, 38.0969)",2022,6
MD10A,2022-06-22T00:00:00Z,Microcystis,121.0445403406026,6,Jun,2022,2022,Cyanobacterium,Eastern Delta,East Delta,0,#FFFFB3,"c(-121.4199, 38.04226)",2022,6
C9,2022-07-18T00:00:00Z,Microcystis,3593.5097913616396,7,Jul,2022,2022,Cyanobacterium,Southern Delta,South Delta,0,#FDB462,"c(-121.554, 37.83095)",2022,7
C9,2022-07-18T00:00:00Z,Dolichospermum,539.026468704246,7,Jul,2022,2022,Cyanobacterium,Southern Delta,South Delta,0,#FDB462,"c(-121.554, 37.83095)",2022,7
D12,2022-07-19T00:00:00Z,Microcystis,53.658365785338525,7,Jul,2022,2022,Cyanobacterium,Lower San Joaquin,Lower SJ,0,#FB8072,"c(-121.8063, 38.02161)",2022,7
D19,2022-07-19T00:00:00Z,Microcystis,408.0372408255797,7,Jul,2022,2022,Cyanobacterium,Franks Tract,Franks,0,#80B1D3,"c(-121.6148, 38.04376)",2022,7
D19,2022-07-19T00:00:00Z,Dolichospermum,37.09429462050725,7,Jul,2022,2022,Cyanobacterium,Franks Tract,Franks,0,#80B1D3,"c(-121.6148, 38.04376)",2022,7
D28A,2022-07-19T00:00:00Z,Microcystis,41.06868332984731,7,Jul,2022,2022,Cyanobacterium,Old and Middle river,OMR,0,#B3DE69,"c(-121.573, 37.97048)",2022,7
D28A,2022-07-19T00:00:00Z,Dolichospermum,985.6483999163354,7,Jul,2022,2022,Cyanobacterium,Old and Middle river,OMR,0,#B3DE69,"c(-121.573, 37.97048)",2022,7
MD10A,2022-07-20T00:00:00Z,Microcystis,45.99692532942898,7,Jul,2022,2022,Cyanobacterium,Eastern Delta,East Delta,0,#FFFFB3,"c(-121.4199, 38.04226)",2022,7
MD10A,2022-07-20T00:00:00Z,Aphanizomenon,45.99692532942898,7,Jul,2022,2022,Cyanobacterium,Eastern Delta,East Delta,0,#FFFFB3,"c(-121.4199, 38.04226)",2022,7
D16,2022-07-20T00:00:00Z,Microcystis,766.6154221571499,7,Jul,2022,2022,Cyanobacterium,Lower San Joaquin,Lower SJ,0,#FB8072,"c(-121.6691, 38.0969)",2022,7
D26,2022-07-20T00:00:00Z,Microcystis,894.3846591833416,7,Jul,2022,2022,Cyanobacterium,Lower San Joaquin,Lower SJ,0,#FB8072,"c(-121.5669, 38.07664)",2022,7
D26,2022-07-20T00:00:00Z,Dolichospermum,408.86155848381327,7,Jul,2022,2022,Cyanobacterium,Lower San Joaquin,Lower SJ,0,#FB8072,"c(-121.5669, 38.07664)",2022,7
P8,2022-07-20T00:00:00Z,Microcystis,3416.914453043296,7,Jul,2022,2022,Cyanobacterium,Southern Delta,South Delta,0,#FDB462,"c(-121.3823, 37.97817)",2022,7
P8,2022-07-20T00:00:00Z,Aphanizomenon,65.7098933277557,7,Jul,2022,2022,Cyanobacterium,Southern Delta,South Delta,0,#FDB462,"c(-121.3823, 37.97817)",2022,7
NZ068,2022-07-21T00:00:00Z,Microcystis,193.26439214045791,7,Jul,2022,2022,Cyanobacterium,Lower Sacramento,Lower Sac,0,#BEBADA,"c(-121.6895, 38.14272)",2022,7
D22,2022-07-24T00:00:00Z,Microcystis,180.38009933109404,7,Jul,2022,2022,Cyanobacterium,Lower Sacramento,Lower Sac,0,#BEBADA,"c(-121.7391, 38.08453)",2022,7
C9,2022-08-15T00:00:00Z,Microcystis,2435.1313409697696,8,Aug,2022,2022,Cyanobacterium,Southern Delta,South Delta,0,#FDB462,"c(-121.554, 37.83095)",2022,8
D19,2022-08-16T00:00:00Z,Microcystis,136581.0000950733,8,Aug,2022,2022,Cyanobacterium,Franks Tract,Franks,0,#80B1D3,"c(-121.6148, 38.04376)",2022,8
D19,2022-08-16T00:00:00Z,Dolichospermum,19366.497651689453,8,Aug,2022,2022,Cyanobacterium,Franks Tract,Franks,0,#80B1D3,"c(-121.6148, 38.04376)",2022,8
D19,2022-08-16T00:00:00Z,Aphanizomenon,7526.769599361108,8,Aug,2022,2022,Cyanobacterium,Franks Tract,Franks,0,#80B1D3,"c(-121.6148, 38.04376)",2022,8
D19,2022-08-16T00:00:00Z,Oscillatoria,2541.778146450914,8,Aug,2022,2022,Cyanobacterium,Franks Tract,Franks,0,#80B1D3,"c(-121.6148, 38.04376)",2022,8
D28A,2022-08-16T00:00:00Z,Dolichospermum,344.97693997071735,8,Aug,2022,2022,Cyanobacterium,Old and Middle river,OMR,0,#B3DE69,"c(-121.573, 37.97048)",2022,8
MD10A,2022-08-17T00:00:00Z,Microcystis,125.4461599893518,8,Aug,2022,2022,Cyanobacterium,Eastern Delta,East Delta,0,#FFFFB3,"c(-121.4199, 38.04226)",2022,8
MD10A,2022-08-17T00:00:00Z,Oscillatoria,41.815386663117266,8,Aug,2022,2022,Cyanobacterium,Eastern Delta,East Delta,0,#FFFFB3,"c(-121.4199, 38.04226)",2022,8
D16,2022-08-17T00:00:00Z,Dolichospermum,85.17949135079442,8,Aug,2022,2022,Cyanobacterium,Lower San Joaquin,Lower SJ,0,#FB8072,"c(-121.6691, 38.0969)",2022,8
D26,2022-08-17T00:00:00Z,Microcystis,383.3077110785749,8,Aug,2022,2022,Cyanobacterium,Lower San Joaquin,Lower SJ,0,#FB8072,"c(-121.5669, 38.07664)",2022,8
P8,2022-08-17T00:00:00Z,Microcystis,747.450036603221,8,Aug,2022,2022,Cyanobacterium,Southern Delta,South Delta,0,#FDB462,"c(-121.3823, 37.97817)",2022,8
D22,2022-08-18T00:00:00Z,Microcystis,104.53846665779317,8,Aug,2022,2022,Cyanobacterium,Lower Sacramento,Lower Sac,0,#BEBADA,"c(-121.7391, 38.08453)",2022,8
D19,2022-09-14T00:00:00Z,Microcystis,45.09502483277351,9,Sep,2022,2022,Cyanobacterium,Franks Tract,Franks,0,#80B1D3,"c(-121.6148, 38.04376)",2022,9
D28A,2022-09-14T00:00:00Z,Microcystis,292.0439703455809,9,Sep,2022,2022,Cyanobacterium,Old and Middle river,OMR,0,#B3DE69,"c(-121.573, 37.97048)",2022,9
MD10A,2022-09-15T00:00:00Z,Microcystis,369.6181499686258,9,Sep,2022,2022,Cyanobacterium,Eastern Delta,East Delta,0,#FFFFB3,"c(-121.4199, 38.04226)",2022,9
MD10A,2022-09-15T00:00:00Z,Dolichospermum,41.06868332984731,9,Sep,2022,2022,Cyanobacterium,Eastern Delta,East Delta,0,#FFFFB3,"c(-121.4199, 38.04226)",2022,9
MD10A,2022-09-15T00:00:00Z,Aphanizomenon,41.06868332984731,9,Sep,2022,2022,Cyanobacterium,Eastern Delta,East Delta,0,#FFFFB3,"c(-121.4199, 38.04226)",2022,9
D16,2022-09-15T00:00:00Z,Microcystis,613.2923377257198,9,Sep,2022,2022,Cyanobacterium,Lower San Joaquin,Lower SJ,0,#FB8072,"c(-121.6691, 38.0969)",2022,9
NZ068,2022-09-30T00:00:00Z,Microcystis,176.91125126703457,9,Sep,2022,2022,Cyanobacterium,Lower Sacramento,Lower Sac,0,#BEBADA,"c(-121.6895, 38.14272)",2022,9
