BGC_ID,QA_ID,USGS_Project_Name,field_ID,NWIS_site_no,Timestamp_(PST),Lab,D-Asp3-Dhb7-RR (ppb),MC- RR (ppb),dMC-RR (ug/L),MC-YR (ppb),MC-HtyR (ppb),MC-LR (ppb),Dha-LR (ppb),D-Asp3-LR (ppb),(Asp3)MC-LR (ug/L),Leu1 LR (ppb),(Leu)MC-LR (ug/L),MC-HilR (ppb),dMC-HtyR (ug/L),MC-LA  (ppb),MC-LY/E,MC-LY (ppb),MC-LW (ppb),MC-LF  (ppb),MC-WR (ppb),Anabaenopeptin B (ppb),Anabaenopeptin F (ppb),Anabaenopeptin A (ppb),Oscillamide Y (ppb),Nodularin (ppb),BMAA (ppb),Dihydroanatoxin (ppb),Anatoxin-a (ppb),Homoanatoxin-a (ppb),Cylindrospermopsin (ppb),7-epi-Cylindrospermopsin (ppb),7-deoxy-Cylindrospermopsin (ppb),Saxitoxin (ppb),Neosaxitoxin (ppb),Desamidoylneosaxitoxin (ppb),GTX 1/4 TOTAL (ppb),GTX 2/3 TOTAL (ppb)
BGC005781,,CMF HABs Mapping (cyanotoxins),LIB,11455315,2021/10/04 10:36:00,Lumigen,ND,ND,,ND,ND,ND,N/A,ND,,N/A,,ND,,ND,,ND,ND,ND,,ND,ND,ND,ND,ND,N/A,ND,ND,ND,ND,ND,ND,ND,N/A,N/A,,
BGC005784,,CMF HABs Mapping (cyanotoxins),SSB,11455276,2021/10/04 11:22:00,Lumigen,ND,ND,,ND,ND,ND,N/A,ND,,N/A,,ND,,ND,,ND,ND,ND,,ND,ND,ND,ND,ND,N/A,ND,ND,ND,ND,ND,ND,ND,N/A,N/A,,
BGC005785,,CMF HABs Mapping (cyanotoxins),SS,382010121402301,2021/10/04 11:42:00,Lumigen,ND,ND,,ND,ND,ND,N/A,ND,,N/A,,ND,,ND,,ND,ND,ND,,ND,ND,ND,ND,ND,N/A,ND,ND,ND,ND,ND,ND,ND,N/A,N/A,,
BGC005835,,CMF HABs Mapping (cyanotoxins),PRO,381627121395101,2021/10/04 12:12:00,Lumigen,ND,ND,,ND,ND,ND,N/A,ND,,N/A,,ND,,ND,,ND,ND,ND,,ND,ND,ND,ND,ND,N/A,ND,ND,ND,ND,ND,ND,ND,N/A,N/A,,
BGC005791,,CMF HABs Mapping (cyanotoxins),CCH41,11455385,2021/10/04 12:28:00,Lumigen,ND,ND,,ND,ND,ND,N/A,ND,,N/A,,ND,,ND,,ND,ND,ND,,ND,ND,ND,ND,ND,N/A,ND,ND,ND,ND,ND,ND,ND,N/A,N/A,,
BGC005823,,CMF HABs Mapping (cyanotoxins),TOL,11455485,2021/10/04 13:07:00,Lumigen,ND,ND,,ND,ND,ND,N/A,ND,,N/A,,ND,,ND,,ND,ND,ND,,ND,ND,ND,ND,ND,N/A,ND,ND,ND,ND,ND,ND,ND,N/A,N/A,,
BGC005824,,CMF HABs Mapping (cyanotoxins),CFL,11455508,2021/10/04 13:36:00,Lumigen,ND,ND,,ND,ND,ND,N/A,ND,,N/A,,ND,,ND,,ND,ND,ND,,ND,ND,ND,ND,ND,N/A,ND,ND,ND,ND,ND,ND,ND,N/A,N/A,,
BGC005825,REP0000358,CMF HABs Mapping (cyanotoxins),GRZ,380631122032201,2021/10/04 14:35:00,Lumigen,ND,ND,,ND,ND,ND,N/A,ND,,N/A,,ND,,ND,,ND,ND,ND,,ND,ND,ND,ND,ND,N/A,ND,ND,ND,ND,ND,ND,ND,N/A,N/A,,
BGC005826,REP0000358,CMF HABs Mapping (cyanotoxins),GRZ,380631122032201,2021/10/04 14:36:00,Lumigen,ND,ND,,ND,ND,ND,N/A,ND,,N/A,,ND,,ND,,ND,ND,ND,,ND,ND,ND,ND,ND,N/A,ND,ND,ND,ND,ND,ND,ND,N/A,N/A,,
BGC005834,,CMF HABs Mapping (cyanotoxins),CFL,11455508,2021/10/04 16:01:00,Lumigen,ND,ND,,ND,ND,ND,N/A,ND,,N/A,,ND,,ND,,ND,ND,ND,,ND,ND,ND,ND,ND,N/A,ND,ND,ND,ND,ND,ND,ND,N/A,N/A,,
BGC005827,,CMF HABs Mapping (cyanotoxins),JPT,11337190,2021/10/04 16:40:00,Lumigen,0.003,0.034,,ND,ND,0.009,N/A,ND,,N/A,,ND,,ND,,ND,ND,ND,,ND,ND,ND,ND,ND,N/A,ND,ND,ND,ND,ND,ND,ND,N/A,N/A,,
BGC005828,OAQ2000161,CMF HABs Mapping (cyanotoxins),QA/QC,88888801,2021/10/04 23:59:00,Lumigen,ND,ND,,ND,ND,ND,N/A,ND,,N/A,,ND,,ND,,ND,ND,ND,,ND,ND,ND,ND,ND,N/A,ND,ND,ND,ND,ND,ND,ND,N/A,N/A,,
BGC005829,,CMF HABs Mapping (cyanotoxins),SJRFR,380353121403701,2021/10/05 08:23:00,Lumigen,ND,ND,,ND,ND,ND,N/A,ND,,N/A,,ND,,ND,,ND,ND,ND,,0.004,0.018,ND,0.007,ND,N/A,ND,ND,ND,ND,ND,ND,ND,N/A,N/A,,
BGC005842,,CMF HABs Fixed (cyanotoxins),JPT,11337190,2021/10/05 08:45:00,Lumigen,ND,ND,,ND,ND,ND,ND,ND,,ND,,ND,,ND,,ND,ND,ND,,ND,ND,ND,ND,ND,N/A,ND,ND,ND,ND,ND,ND,ND,N/A,N/A,,
BGC005836,,CMF HABs Mapping (cyanotoxins),PPT,11313460,2021/10/05 09:04:00,Lumigen,ND,ND,,ND,ND,0.025,N/A,ND,,N/A,,ND,,0.014,,ND,ND,ND,,ND,ND,ND,ND,ND,N/A,ND,ND,ND,ND,ND,ND,ND,N/A,N/A,,
BGC005838,,CMF HABs Mapping (cyanotoxins),SJW,380131121280501,2021/10/05 09:26:00,Lumigen,ND,ND,,ND,ND,ND,N/A,ND,,N/A,,ND,,ND,,ND,ND,ND,,ND,ND,ND,ND,ND,N/A,ND,ND,ND,ND,ND,ND,ND,N/A,N/A,,
BGC005841,,CMF HABs Mapping (cyanotoxins),TRN,11311300,2021/10/05 09:49:00,Lumigen,ND,ND,,ND,ND,ND,N/A,ND,,N/A,,ND,,ND,,ND,ND,ND,,ND,ND,ND,ND,ND,N/A,ND,ND,ND,ND,ND,ND,ND,N/A,N/A,,
BGC005845,,CMF HABs Mapping (cyanotoxins),SJRBC,375831121223701,2021/10/05 10:14:00,Lumigen,ND,0.003,,ND,ND,0.019,N/A,ND,,N/A,,ND,,0.006,,ND,ND,ND,,0.004,0.014,ND,ND,ND,N/A,ND,ND,ND,ND,ND,ND,ND,N/A,N/A,,
BGC005858,,CMF HABs Mapping (cyanotoxins),SJRST,375649121202101,2021/10/05 10:41:00,Lumigen,ND,ND,,ND,ND,0.005,N/A,ND,,N/A,,ND,,ND,,ND,ND,ND,,ND,ND,ND,ND,ND,N/A,ND,ND,ND,ND,ND,ND,ND,N/A,N/A,,
BGC005859,,CMF HABs Fixed (cyanotoxins),TOL,11455485,2021/10/05 10:45:00,Lumigen,ND,ND,,ND,ND,ND,ND,ND,,ND,,ND,,ND,,ND,ND,ND,,ND,ND,ND,ND,ND,N/A,ND,ND,ND,ND,ND,ND,ND,N/A,N/A,,
BGC005951,,CMF HABs Mapping (cyanotoxins),SJC,375944121252301,2021/10/05 11:19:00,Lumigen,ND,ND,,ND,ND,0.008,N/A,ND,,N/A,,ND,,ND,,ND,ND,ND,,ND,ND,ND,ND,ND,N/A,ND,ND,ND,ND,ND,ND,ND,N/A,N/A,,
BGC005867,,CMF HABs Mapping (cyanotoxins),14MILE,380232121241801,2021/10/05 11:35:00,Lumigen,ND,ND,,ND,ND,ND,N/A,ND,,N/A,,ND,,ND,,ND,ND,ND,,ND,ND,ND,ND,ND,N/A,ND,ND,ND,ND,ND,ND,ND,N/A,N/A,,
BGC005864,,DRMP Cyanotoxins,LIB,11455315,2021/10/05 12:00:00,Lumigen,ND,ND,,ND,ND,ND,ND,ND,,ND,,ND,,ND,,ND,ND,ND,,ND,ND,ND,ND,ND,N/A,ND,ND,ND,ND,ND,ND,ND,N/A,N/A,,
BGC005872,,CMF HABs Mapping (cyanotoxins),LPS,11336790,2021/10/05 12:21:00,Lumigen,ND,ND,,ND,ND,ND,N/A,ND,,N/A,,ND,,ND,,ND,ND,ND,,ND,ND,ND,ND,ND,N/A,ND,ND,ND,ND,ND,ND,ND,N/A,N/A,,
BGC005870,,CMF HABs Mapping (cyanotoxins),SMS,380831121301301,2021/10/05 13:16:00,Lumigen,ND,ND,,ND,ND,ND,N/A,ND,,N/A,,ND,,ND,,ND,ND,ND,,ND,ND,ND,ND,ND,N/A,ND,ND,ND,ND,ND,ND,ND,N/A,N/A,,
BGC005871,,CMF HABs Mapping (cyanotoxins),SYC,380831121281201,2021/10/05 13:31:00,Lumigen,ND,0.001,,ND,ND,ND,N/A,ND,,N/A,,ND,,ND,,ND,ND,ND,,ND,ND,ND,ND,ND,N/A,ND,ND,ND,ND,ND,ND,ND,N/A,N/A,,
BGC005878,,CMF HABs Mapping (cyanotoxins),NFM,11336685,2021/10/05 14:52:00,Lumigen,ND,ND,,ND,ND,ND,N/A,ND,,N/A,,ND,,ND,,ND,ND,ND,,ND,ND,ND,ND,ND,N/A,ND,ND,ND,ND,ND,ND,ND,N/A,N/A,,
BGC005882,,CMF HABs Mapping (cyanotoxins),NMR,380837121333401,2021/10/05 15:22:00,Lumigen,ND,ND,,ND,ND,ND,N/A,ND,,N/A,,ND,,ND,,ND,ND,ND,,ND,ND,ND,ND,ND,N/A,ND,ND,ND,ND,ND,ND,ND,N/A,N/A,,
BGC005885,,DRMP Cyanotoxins,MDM,11312676,2021/10/06 10:45:00,Lumigen,ND,ND,,ND,ND,ND,ND,ND,,ND,,ND,,ND,,ND,ND,ND,,ND,ND,ND,ND,ND,N/A,ND,ND,ND,ND,ND,ND,ND,N/A,N/A,,
BGC005893,REP0000361,CMF HABs Mapping (cyanotoxins),ORF,380300121344801,2021/10/07 07:38:00,Lumigen,ND,ND,,ND,ND,ND,N/A,ND,,N/A,,ND,,ND,,ND,ND,ND,,ND,ND,ND,ND,ND,N/A,ND,ND,ND,ND,ND,ND,ND,N/A,N/A,,
BGC005894,REP0000361,CMF HABs Mapping (cyanotoxins),ORF,380300121344801,2021/10/07 07:39:00,Lumigen,ND,ND,,ND,ND,ND,N/A,ND,,N/A,,ND,,ND,,ND,ND,ND,,ND,ND,ND,ND,ND,N/A,ND,ND,ND,ND,ND,ND,ND,N/A,N/A,,
BGC005897,,CMF HABs Mapping (cyanotoxins),OLD,11313405,2021/10/07 08:06:00,Lumigen,ND,0.005,,ND,ND,0.006,N/A,ND,,N/A,,ND,,ND,,ND,ND,ND,,ND,ND,ND,ND,ND,N/A,ND,ND,ND,ND,ND,ND,ND,N/A,N/A,,
BGC005900,,CMF HABs Mapping (cyanotoxins),ORI,11313325,2021/10/07 08:44:00,Lumigen,ND,ND,,ND,ND,ND,N/A,ND,,N/A,,ND,,ND,,ND,ND,ND,,ND,0.004,ND,ND,ND,N/A,ND,ND,ND,ND,ND,ND,ND,N/A,N/A,,
BGC005904,,CMF HABs Mapping (cyanotoxins),ORCC,11313250,2021/10/07 09:14:00,Lumigen,ND,ND,,ND,ND,ND,N/A,ND,,N/A,,ND,,ND,,ND,ND,ND,,ND,0.007,ND,ND,ND,N/A,ND,ND,ND,ND,ND,ND,ND,N/A,N/A,,
BGC005907,,CMF HABs Mapping (cyanotoxins),MRB,11312674,2021/10/07 09:39:00,Lumigen,ND,ND,,ND,ND,ND,N/A,ND,,N/A,,ND,,ND,,ND,ND,ND,,ND,ND,ND,ND,ND,N/A,ND,ND,ND,ND,ND,ND,ND,N/A,N/A,,
BGC005917,,CMF HABs Mapping (cyanotoxins),MRH,11312685,2021/10/07 10:13:00,Lumigen,ND,ND,,ND,ND,ND,N/A,ND,,N/A,,ND,,ND,,ND,ND,ND,,ND,ND,ND,ND,ND,N/A,ND,ND,ND,ND,ND,ND,ND,N/A,N/A,,
BGC005918,,CMF HABs Mapping (cyanotoxins),GAM,380749121344701,2021/10/07 11:28:00,Lumigen,ND,ND,,ND,ND,ND,N/A,ND,,N/A,,ND,,ND,,ND,ND,ND,,ND,ND,ND,ND,ND,N/A,ND,ND,ND,ND,ND,ND,ND,N/A,N/A,,
BGC005928,,CMF HABs Mapping (cyanotoxins),WGA,11447890,2021/10/07 13:14:00,Lumigen,ND,ND,,ND,ND,ND,N/A,ND,,N/A,,ND,,ND,,ND,ND,ND,,ND,ND,ND,ND,ND,N/A,ND,ND,ND,ND,ND,ND,ND,N/A,N/A,,
BGC005930,,CMF HABs Mapping (cyanotoxins),HOOD,382205121311300,2021/10/07 13:56:00,Lumigen,ND,ND,,ND,ND,ND,N/A,ND,,N/A,,ND,,ND,,ND,ND,ND,,ND,ND,ND,ND,ND,N/A,ND,ND,ND,ND,ND,ND,ND,N/A,N/A,,
BGC005933,REP0000362,CMF HABs Mapping (cyanotoxins),FPT,11447650,2021/10/07 14:38:00,Lumigen,ND,ND,,ND,ND,ND,N/A,ND,,N/A,,ND,,ND,,ND,ND,ND,,ND,ND,ND,ND,ND,N/A,ND,ND,ND,ND,ND,ND,ND,N/A,N/A,,
BGC005934,REP0000362,CMF HABs Mapping (cyanotoxins),FPT,11447650,2021/10/07 14:39:00,Lumigen,ND,ND,,ND,ND,ND,N/A,ND,,N/A,,ND,,ND,,ND,ND,ND,,ND,ND,ND,ND,ND,N/A,ND,ND,ND,ND,ND,ND,ND,N/A,N/A,,
BGC006007,,DRMP Cyanotoxins,C10A,374045121155200,2021/10/11 12:30:00,Lumigen,ND,ND,,ND,ND,ND,ND,ND,,ND,,ND,,ND,,ND,ND,ND,,ND,0.04,ND,ND,ND,N/A,ND,ND,ND,ND,ND,ND,ND,N/A,N/A,,
BGC006006,,DRMP Cyanotoxins,P8,375841121225601,2021/10/13 14:25:00,Lumigen,ND,ND,,ND,ND,0.01,ND,ND,,ND,,ND,,ND,,ND,ND,ND,,ND,ND,ND,ND,ND,N/A,ND,ND,ND,ND,ND,ND,ND,N/A,N/A,,
BGC006008,OAQ2000167,DRMP Cyanotoxins,P8,375841121225601,2021/10/13 14:50:00,Lumigen,ND,ND,,ND,ND,ND,ND,ND,,ND,,ND,,ND,,ND,ND,ND,,ND,ND,ND,ND,ND,N/A,ND,ND,ND,ND,ND,ND,ND,N/A,N/A,,
BGC005983,,DRMP Cyanotoxins,MDM,11312676,2021/10/19 12:00:00,Lumigen,ND,ND,,ND,ND,ND,ND,ND,,ND,,ND,,ND,,ND,ND,ND,,ND,ND,ND,ND,ND,N/A,ND,ND,ND,ND,ND,ND,ND,N/A,N/A,,
BGC005994,,CMF HABs Fixed (cyanotoxins),TOL,11455485,2021/10/21 11:45:00,Lumigen,ND,ND,,ND,ND,ND,ND,ND,,ND,,ND,,ND,,ND,ND,ND,,ND,ND,ND,ND,ND,N/A,ND,ND,ND,ND,ND,ND,ND,N/A,N/A,,
BGC005995,,CMF HABs Fixed (cyanotoxins),JPT,11337190,2021/10/21 12:45:00,Lumigen,ND,ND,,ND,ND,ND,ND,ND,,ND,,ND,,ND,,ND,ND,ND,,ND,ND,ND,ND,ND,N/A,ND,ND,ND,ND,ND,ND,ND,N/A,N/A,,
BGC005998,,DRMP Cyanotoxins,LIB,11455315,2021/10/21 13:45:00,Lumigen,ND,ND,,ND,ND,ND,ND,ND,,ND,,ND,,ND,,ND,ND,ND,,ND,ND,ND,ND,ND,N/A,ND,ND,ND,ND,ND,ND,ND,N/A,N/A,,
BGC006004,,DRMP Cyanotoxins,C10A,374045121155200,2021/10/26 07:55:00,Lumigen,ND,ND,,ND,ND,ND,ND,ND,,ND,,ND,,ND,,ND,ND,ND,,ND,ND,ND,ND,ND,N/A,ND,ND,ND,ND,ND,ND,ND,N/A,N/A,,
BGC006005,,DRMP Cyanotoxins,RRI,375747121215401,2021/10/26 09:15:00,Lumigen,ND,ND,,ND,ND,ND,ND,ND,,ND,,ND,,ND,,ND,ND,ND,,ND,ND,ND,ND,ND,N/A,ND,ND,ND,ND,ND,ND,ND,N/A,N/A,,
BGC006035,,DRMP Cyanotoxins,C10A,374045121155200,2021/11/08 11:15:00,Lumigen,ND,ND,,ND,ND,ND,ND,ND,,ND,,ND,,ND,,ND,ND,ND,,ND,ND,ND,ND,ND,N/A,ND,ND,ND,ND,ND,ND,ND,N/A,N/A,,
BGC006037,,DRMP Cyanotoxins,P8,375841121225601,2021/11/10 12:10:00,Lumigen,ND,ND,,ND,ND,ND,ND,ND,,ND,,ND,,ND,,ND,ND,ND,,ND,ND,ND,ND,ND,N/A,ND,ND,ND,ND,ND,ND,ND,N/A,N/A,,
BGC006024,,DRMP MDM Cyanotoxins Contract,MDM,11312676,2021/11/11 10:45:00,Lumigen,ND,ND,,ND,ND,ND,ND,ND,,ND,,ND,,ND,,ND,ND,ND,,ND,ND,ND,ND,ND,ND,ND,ND,ND,ND,ND,ND,ND,ND,ND,,
BGC006028,,DRMP Cyanotoxins,LIB,11455315,2021/11/16 10:30:00,Lumigen,ND,ND,,ND,ND,ND,ND,ND,,ND,,ND,,ND,,ND,ND,ND,,ND,ND,ND,ND,ND,N/A,ND,ND,ND,ND,ND,ND,ND,N/A,N/A,,
BGC006031,,CMF HABs Fixed (cyanotoxins),TOL,11455485,2021/11/16 13:15:00,Lumigen,ND,ND,,ND,ND,ND,ND,ND,,ND,,ND,,ND,,ND,ND,ND,,ND,ND,ND,ND,ND,N/A,ND,ND,ND,ND,ND,ND,ND,N/A,N/A,,
BGC006034,,CMF HABs Fixed (cyanotoxins),JPT,11337190,2021/11/17 12:15:00,Lumigen,ND,ND,,ND,ND,ND,ND,ND,,ND,,ND,,ND,,ND,ND,ND,,ND,ND,ND,ND,ND,N/A,ND,ND,ND,ND,ND,ND,ND,N/A,N/A,,
BGC006078,REP0000373,DRMP Cyanotoxins,C10A,374045121155200,2021/12/08 12:00:00,Lumigen,ND,ND,,ND,ND,ND,ND,ND,,ND,,ND,,ND,,ND,ND,ND,,ND,ND,ND,ND,ND,N/A,ND,ND,ND,ND,ND,ND,ND,N/A,N/A,,
BGC006047,,DRMP Cyanotoxins,MDM,11312676,2021/12/08 12:00:00,Lumigen,ND,ND,,ND,ND,ND,ND,ND,,ND,,ND,,ND,,ND,ND,ND,,ND,ND,ND,ND,ND,N/A,ND,ND,ND,ND,ND,ND,ND,N/A,N/A,,
BGC006079,REP0000373,DRMP Cyanotoxins,C10A,374045121155200,2021/12/08 12:01:00,Lumigen,ND,ND,,ND,ND,ND,ND,ND,,ND,,ND,,ND,,ND,ND,ND,,ND,ND,ND,ND,ND,N/A,ND,ND,ND,ND,ND,ND,ND,N/A,N/A,,
BGC006051,,DRMP Cyanotoxins,LIB,11455315,2021/12/09 11:15:00,Lumigen,ND,ND,,ND,ND,ND,ND,ND,,ND,,ND,,ND,,ND,ND,ND,,ND,ND,ND,ND,ND,N/A,ND,ND,ND,ND,ND,ND,ND,N/A,N/A,,
BGC006080,,DRMP Cyanotoxins,P8,375841121225601,2021/12/10 12:55:00,Lumigen,ND,ND,,ND,ND,ND,ND,ND,,ND,,ND,,ND,,ND,ND,ND,,ND,ND,ND,ND,ND,N/A,ND,ND,ND,ND,ND,ND,ND,N/A,N/A,,
BGC006054,,CMF HABs Fixed (cyanotoxins),TOL,11455485,2021/12/16 10:15:00,Lumigen,ND,ND,,ND,ND,ND,ND,ND,,ND,,ND,,ND,,ND,ND,ND,,ND,ND,ND,ND,ND,N/A,ND,ND,ND,ND,ND,ND,ND,N/A,N/A,,
BGC006058,,CMF HABs Fixed (cyanotoxins),JPT,11337190,2021/12/16 11:00:00,Lumigen,ND,ND,,ND,ND,ND,ND,ND,,ND,,ND,,ND,,ND,ND,ND,,ND,ND,ND,ND,ND,N/A,ND,ND,ND,ND,ND,ND,ND,N/A,N/A,,
BGC006072,,DRMP Cyanotoxins,LIB,11455315,2022/01/05 09:15:00,Lumigen,ND,ND,,ND,ND,ND,ND,ND,,ND,,ND,,ND,,ND,ND,ND,,ND,ND,ND,ND,ND,N/A,ND,ND,ND,ND,ND,ND,ND,N/A,N/A,,
BGC006075,,CMF HABs Fixed (cyanotoxins),TOL,11455485,2022/01/05 10:30:00,Lumigen,ND,ND,,ND,ND,ND,ND,ND,,ND,,ND,,ND,,ND,ND,ND,,ND,ND,ND,ND,ND,ND,ND,ND,ND,ND,ND,ND,ND,ND,ND,,
BGC006106,,DRMP Cyanotoxins,C10A,374045121155200,2022/01/05 11:45:00,Lumigen,ND,ND,,ND,ND,ND,ND,ND,,ND,,ND,,ND,,ND,ND,ND,,ND,ND,ND,ND,ND,ND,ND,ND,ND,ND,ND,ND,ND,ND,ND,,
BGC006077,,CMF HABs Fixed (cyanotoxins),JPT,11337190,2022/01/05 12:15:00,Lumigen,ND,ND,,ND,ND,ND,ND,ND,,ND,,ND,,ND,,ND,ND,ND,,ND,ND,ND,ND,ND,ND,ND,ND,ND,ND,ND,ND,ND,ND,ND,,
BGC006107,REP0000376,DRMP Cyanotoxins,P8,375841121225601,2022/01/07 11:00:00,Lumigen,ND,ND,,ND,ND,ND,ND,ND,,ND,,ND,,ND,,ND,ND,ND,,ND,ND,ND,ND,ND,ND,ND,ND,ND,ND,ND,ND,ND,ND,ND,,
BGC006108,REP0000376,DRMP Cyanotoxins,P8,375841121225601,2022/01/07 11:01:00,Lumigen,ND,ND,,ND,ND,ND,ND,ND,,ND,,ND,,ND,,ND,ND,ND,,ND,ND,ND,ND,ND,ND,ND,ND,ND,ND,ND,ND,ND,ND,ND,,
BGC006109,OAQ2000166,DRMP Cyanotoxins,P8,375841121225601,2022/01/07 11:45:00,Lumigen,ND,ND,,ND,ND,ND,ND,ND,,ND,,ND,,ND,,ND,ND,ND,,ND,ND,ND,ND,ND,ND,ND,ND,ND,ND,ND,ND,ND,ND,ND,,
BGC006098,,CMF HABs Fixed (cyanotoxins),JPT,11337190,2022/01/18 09:45:00,Lumigen,ND,ND,,ND,ND,ND,ND,ND,,ND,,ND,,ND,,ND,ND,ND,,ND,ND,ND,ND,ND,ND,ND,ND,ND,ND,ND,ND,ND,ND,ND,,
BGC006100,,DRMP Cyanotoxins,LIB,11455315,2022/01/18 14:15:00,Lumigen,ND,ND,,ND,ND,ND,ND,ND,,ND,,ND,,ND,,ND,ND,ND,,ND,ND,ND,ND,ND,ND,ND,ND,ND,ND,ND,ND,ND,ND,ND,,
BGC006103,,DRMP Cyanotoxins,MDM,11312676,2022/01/21 11:15:00,Lumigen,ND,ND,,ND,ND,ND,ND,ND,,ND,,ND,,ND,,ND,ND,ND,,ND,ND,ND,ND,ND,ND,ND,ND,ND,ND,ND,ND,ND,ND,ND,,
BGC006161,,DRMP Cyanotoxins,C10A,374045121155200,2022/02/07 14:00:00,Lumigen,ND,ND,,ND,ND,ND,ND,ND,,ND,,ND,,ND,,ND,ND,ND,,ND,ND,ND,ND,ND,ND,ND,ND,ND,ND,ND,ND,ND,ND,ND,,
BGC006163,,DRMP Cyanotoxins,P8,375841121225601,2022/02/09 13:25:00,Lumigen,ND,ND,,ND,ND,ND,ND,ND,,ND,,ND,,ND,,ND,ND,ND,,ND,ND,ND,ND,ND,ND,ND,ND,ND,ND,ND,ND,ND,ND,ND,,
BGC006164,OAQ2000170,DRMP Cyanotoxins,P8,375841121225601,2022/02/09 13:50:00,Lumigen,ND,ND,,ND,ND,ND,ND,ND,,ND,,ND,,ND,,ND,ND,ND,,ND,ND,ND,ND,ND,ND,ND,ND,ND,ND,ND,ND,ND,ND,ND,,
BGC006148,,CMF HABs Fixed (cyanotoxins),TOL,11455485,2022/02/16 09:00:00,Lumigen,ND,ND,,ND,ND,ND,ND,ND,,ND,,ND,,ND,,ND,ND,ND,,ND,ND,ND,ND,ND,ND,ND,ND,ND,ND,ND,ND,ND,ND,ND,,
BGC006154,,CMF HABs Fixed (cyanotoxins),JPT,11337190,2022/02/16 15:30:00,Lumigen,ND,ND,,ND,ND,ND,ND,ND,,ND,,ND,,ND,,ND,ND,ND,,ND,ND,ND,ND,ND,ND,ND,ND,ND,ND,ND,ND,ND,ND,ND,,
BGC006158,,DRMP Cyanotoxins,LIB,11455315,2022/02/17 10:00:00,Lumigen,ND,ND,,ND,ND,ND,ND,ND,,ND,,ND,,ND,,ND,ND,ND,,ND,ND,ND,ND,ND,ND,ND,ND,ND,ND,ND,ND,ND,ND,ND,,
BGC006168,,DRMP Cyanotoxins,MDM,11312676,2022/02/24 11:00:00,Lumigen,ND,ND,,ND,ND,ND,ND,ND,,ND,,ND,,ND,,ND,ND,ND,,ND,ND,ND,ND,ND,ND,ND,ND,ND,ND,ND,ND,ND,ND,ND,,
BGC006174,,CMF HABs Fixed (cyanotoxins),TOL,11455485,2022/03/03 10:45:00,Lumigen,ND,ND,,ND,ND,ND,ND,ND,,ND,,ND,,ND,,ND,ND,ND,,ND,ND,ND,ND,ND,ND,ND,ND,ND,ND,ND,ND,ND,ND,ND,,
BGC006170,,CMF HABs Fixed (cyanotoxins),JPT,11337190,2022/03/03 15:45:00,Lumigen,ND,ND,,ND,ND,ND,ND,ND,,ND,,ND,,ND,,ND,ND,ND,,ND,ND,ND,ND,ND,ND,ND,ND,ND,ND,ND,ND,ND,ND,ND,,
BGC006305,,DRMP Cyanotoxins,C10A,374045121155200,2022/03/09 14:15:00,Lumigen,ND,ND,,ND,ND,ND,ND,ND,,ND,,ND,,ND,,ND,ND,ND,,ND,ND,ND,ND,ND,NA,ND,ND,ND,ND,ND,ND,NA,NA,NA,,
BGC006571,,DRMP Cyanotoxins,P8,375841121225601,2022/03/11 13:50:00,Lumigen,ND,ND,,ND,ND,ND,ND,ND,,ND,,ND,,ND,,ND,ND,ND,,ND,ND,ND,ND,ND,NA,ND,ND,ND,ND,ND,ND,NA,NA,NA,,
BGC006199,,DRMP Cyanotoxins,LIB,11455315,2022/03/22 09:00:00,Lumigen,ND,ND,,ND,ND,ND,ND,ND,,ND,,ND,,ND,,ND,ND,ND,,ND,ND,ND,ND,ND,NA,ND,ND,ND,ND,ND,ND,NA,NA,NA,,
BGC006203,,DRMP MDM Cyanotoxins Contract,MDM,11312676,2022/03/24 12:00:00,Lumigen,ND,ND,,ND,ND,ND,ND,ND,,ND,,ND,,ND,,ND,ND,ND,,ND,ND,ND,ND,ND,ND,ND,ND,ND,ND,ND,ND,ND,ND,ND,,
BGC006308,,DSP HABs Cyanotoxins Contract,TOL,11455485,2022/04/04 11:15:00,Lumigen,ND,ND,,ND,ND,ND,ND,ND,,ND,,ND,,ND,,ND,ND,ND,,ND,ND,ND,ND,ND,NA,ND,ND,ND,ND,ND,ND,NA,NA,NA,,
BGC006310,,DSP HABs Cyanotoxins Contract,JPT,11337190,2022/04/04 13:45:00,Lumigen,ND,ND,,ND,ND,ND,ND,ND,,ND,,ND,,ND,,ND,ND,ND,,ND,ND,ND,ND,ND,NA,ND,ND,ND,ND,ND,ND,NA,NA,NA,,
BGC006523,,DRMP Cyanotoxins,C10A,374045121155200,2022/04/06 12:15:00,Lumigen,ND,ND,,ND,ND,ND,ND,ND,,ND,,ND,,ND,,ND,ND,ND,,ND,ND,ND,ND,ND,NA,ND,ND,ND,ND,ND,ND,NA,NA,NA,,
BGC006474,,DSP HABs Cyanotoxins Contract,TOL,11455485,2022/04/21 08:15:00,Lumigen,ND,ND,,ND,ND,ND,ND,ND,,ND,,ND,,ND,,ND,ND,ND,,ND,ND,ND,ND,ND,NA,ND,ND,ND,ND,ND,ND,NA,NA,NA,,
BGC006475,,DSP HABs Cyanotoxins Contract,JPT,11337190,2022/04/21 09:30:00,Lumigen,ND,ND,,ND,ND,ND,ND,ND,,ND,,ND,,ND,,ND,ND,ND,,ND,ND,ND,ND,ND,NA,ND,ND,ND,ND,ND,ND,NA,NA,NA,,
BGC006512,,DRMP MDM Cyanotoxins Contract,MDM,11312676,2022/04/22 10:30:00,Lumigen,ND,ND,,ND,ND,ND,ND,ND,,ND,,ND,,ND,,ND,ND,ND,,ND,ND,ND,ND,ND,ND,ND,ND,ND,ND,ND,ND,ND,ND,ND,,
BGC006525,,DRMP Cyanotoxins,P8,375841121225601,2022/04/22 10:45:00,Lumigen,ND,ND,,ND,ND,ND,ND,ND,,ND,,ND,,ND,,ND,ND,ND,,ND,ND,ND,ND,ND,NA,ND,ND,ND,ND,ND,ND,NA,NA,NA,,
BGC006524,OAQ2000177,DRMP Cyanotoxins,P8,375841121225601,2022/04/22 11:10:00,Lumigen,ND,ND,,ND,ND,ND,ND,ND,,ND,,ND,,ND,,ND,ND,ND,,ND,ND,ND,ND,ND,NA,ND,ND,ND,ND,ND,ND,NA,NA,NA,,
BGC006516,,DRMP Cyanotoxins,LIB,11455315,2022/04/25 10:00:00,Lumigen,ND,ND,,ND,ND,ND,ND,ND,,ND,,ND,,ND,,ND,ND,ND,,ND,ND,ND,ND,ND,NA,ND,ND,ND,ND,ND,ND,NA,NA,NA,,
BGC006529,,DRMP MDM Cyanotoxins Contract,MDM,11312676,2022/05/04 09:45:00,Lumigen,ND,ND,,ND,ND,ND,ND,ND,,ND,,ND,,ND,,ND,ND,ND,,ND,ND,ND,ND,ND,ND,ND,ND,ND,ND,ND,ND,ND,ND,ND,,
BGC006862,,DSP HABs Cyanotoxins Contract,RRI,375747121215401,2022/05/05 08:45:00,Lumigen,ND,ND,,ND,ND,ND,ND,ND,,ND,,ND,,ND,,ND,ND,ND,,ND,ND,ND,ND,ND,NA,ND,ND,ND,ND,ND,ND,NA,NA,NA,,
BGC006863,,DSP HABs Cyanotoxins Contract,C10A,374045121155200,2022/05/05 10:00:00,Lumigen,ND,ND,,ND,ND,ND,ND,ND,,ND,,ND,,ND,,ND,ND,ND,,ND,ND,ND,ND,ND,NA,ND,ND,ND,ND,ND,ND,NA,NA,NA,,
BGC006532,,DSP HABs Cyanotoxins Contract,LIB,11455315,2022/05/10 07:30:00,Lumigen,ND,ND,,ND,ND,ND,ND,ND,,ND,,ND,,ND,,ND,ND,ND,,ND,ND,ND,ND,ND,NA,ND,ND,ND,ND,ND,ND,NA,NA,NA,,
BGC006540,,DSP HABs Cyanotoxins Contract,TOL,11455485,2022/05/11 09:45:00,Lumigen,ND,ND,,ND,ND,ND,ND,ND,,ND,,ND,,ND,,ND,ND,ND,,ND,ND,ND,ND,ND,NA,ND,ND,ND,ND,ND,ND,NA,NA,NA,,
BGC006864,,DSP HABs Cyanotoxins Contract,FRK,380245121354801,2022/05/12 12:40:00,Lumigen,ND,ND,,ND,ND,ND,ND,ND,,ND,,ND,,ND,,ND,ND,ND,,ND,ND,ND,ND,ND,NA,ND,ND,ND,ND,ND,ND,NA,NA,NA,,
BGC006559,,DSP HABs Cyanotoxins Contract,CCH41,11455385,2022/05/16 07:40:00,Lumigen,ND,ND,,ND,ND,ND,ND,ND,,ND,,ND,,ND,,ND,ND,ND,,ND,0.03,ND,ND,ND,NA,ND,ND,ND,ND,ND,ND,NA,NA,NA,,
BGC006560,,DSP HABs Cyanotoxins Contract,LIB,11455315,2022/05/16 08:05:00,Lumigen,ND,ND,,ND,ND,ND,ND,ND,,ND,,ND,,ND,,ND,ND,ND,,ND,0.01,ND,ND,ND,NA,ND,ND,ND,ND,ND,ND,NA,NA,NA,,
BGC006562,,DSP HABs Cyanotoxins Contract,SSB,11455276,2022/05/16 09:14:00,Lumigen,ND,ND,,ND,ND,ND,ND,ND,,ND,,ND,,ND,,ND,ND,ND,,ND,ND,ND,ND,ND,NA,ND,ND,ND,ND,ND,ND,NA,NA,NA,,
BGC006563,,DSP HABs Cyanotoxins Contract,SS,382010121402301,2022/05/16 09:45:00,Lumigen,ND,ND,,ND,ND,ND,ND,ND,,ND,,ND,,ND,,ND,ND,ND,,ND,ND,ND,ND,ND,NA,ND,ND,ND,ND,ND,ND,NA,NA,NA,,
BGC006572,,DSP HABs Cyanotoxins Contract,GAM,380749121344701,2022/05/16 14:52:00,Lumigen,ND,ND,,ND,ND,ND,ND,ND,,ND,,ND,,ND,,ND,ND,ND,,ND,ND,ND,ND,ND,NA,ND,ND,ND,ND,ND,ND,NA,NA,NA,,
BGC006590,,DSP HABs Cyanotoxins Contract,3MILE,380640121405701,2022/05/17 08:07:00,Lumigen,ND,ND,,ND,ND,ND,ND,ND,,ND,,ND,,ND,,ND,ND,ND,,ND,ND,ND,ND,ND,NA,ND,ND,ND,ND,ND,ND,NA,NA,NA,,
BGC006583,,DSP HABs Cyanotoxins Contract,PPT,11313460,2022/05/17 08:35:00,Lumigen,ND,ND,,ND,ND,ND,ND,ND,,ND,,ND,,ND,,ND,ND,ND,,ND,ND,ND,ND,ND,NA,ND,ND,ND,ND,ND,ND,NA,NA,NA,,
BGC006582,,DSP HABs Cyanotoxins Contract,SJW,380131121280501,2022/05/17 09:02:00,Lumigen,ND,ND,,ND,ND,ND,ND,ND,,ND,,ND,,ND,,ND,ND,ND,,ND,ND,ND,ND,ND,NA,ND,ND,ND,ND,ND,ND,NA,NA,NA,,
BGC006581,,DSP HABs Cyanotoxins Contract,TRN,11311300,2022/05/17 09:46:00,Lumigen,ND,ND,,ND,ND,ND,ND,ND,,ND,,ND,,ND,,ND,ND,ND,,ND,ND,ND,ND,ND,NA,ND,ND,ND,ND,ND,ND,NA,NA,NA,,
BGC006580,,DSP HABs Cyanotoxins Contract,SJRBC,375831121223701,2022/05/17 10:07:00,Lumigen,ND,ND,,ND,ND,ND,ND,ND,,ND,,ND,,ND,,ND,ND,ND,,ND,ND,ND,ND,ND,NA,ND,ND,ND,ND,ND,ND,NA,NA,NA,,
BGC006579,,DSP HABs Cyanotoxins Contract,SJRST,375649121202101,2022/05/17 10:27:00,Lumigen,ND,ND,,ND,ND,ND,ND,ND,,ND,,ND,,ND,,ND,ND,ND,,ND,ND,ND,ND,ND,NA,ND,ND,ND,ND,ND,ND,NA,NA,NA,,
BGC006578,REP0000468,DSP HABs Cyanotoxins Contract,14MILE,380232121241801,2022/05/17 11:11:00,Lumigen,ND,ND,,ND,ND,ND,ND,ND,,ND,,ND,,ND,,ND,ND,ND,,ND,ND,ND,ND,ND,NA,ND,ND,ND,ND,ND,ND,NA,NA,NA,,
BGC006576,REP0000468,DSP HABs Cyanotoxins Contract,14MILE,380232121241801,2022/05/17 11:12:00,Lumigen,ND,ND,,ND,ND,ND,ND,ND,,ND,,ND,,ND,,ND,ND,ND,,ND,ND,ND,ND,ND,NA,ND,ND,ND,ND,ND,ND,NA,NA,NA,,
BGC006591,,DSP HABs Cyanotoxins Contract,SJW,380131121280501,2022/05/17 11:43:00,Lumigen,ND,ND,,ND,ND,ND,ND,ND,,ND,,ND,,ND,,ND,ND,ND,,ND,ND,ND,ND,ND,NA,ND,ND,ND,ND,ND,ND,NA,NA,NA,,
BGC006577,,DSP HABs Cyanotoxins Contract,JPT,11337190,2022/05/17 12:38:00,Lumigen,ND,ND,,ND,ND,ND,ND,ND,,ND,,ND,,ND,,ND,ND,ND,,ND,ND,ND,ND,ND,NA,ND,ND,ND,ND,ND,ND,NA,NA,NA,,
BGC006575,,DSP HABs Cyanotoxins Contract,GRZ,380631122032201,2022/05/17 14:09:00,Lumigen,ND,ND,,ND,ND,ND,ND,ND,,ND,,ND,,ND,,ND,ND,ND,,ND,ND,ND,ND,ND,NA,ND,ND,ND,ND,ND,ND,NA,NA,NA,,
BGC006573,,DSP HABs Cyanotoxins Contract,CFL,11455508,2022/05/17 15:13:00,Lumigen,ND,ND,,ND,ND,ND,ND,ND,,ND,,ND,,ND,,ND,ND,ND,,ND,ND,ND,ND,ND,NA,ND,ND,ND,ND,ND,ND,NA,NA,NA,,
BGC006574,,DSP HABs Cyanotoxins Contract,TOL,11455485,2022/05/17 15:40:00,Lumigen,ND,ND,,ND,ND,ND,ND,ND,,ND,,ND,,ND,,ND,ND,ND,,ND,ND,ND,ND,ND,NA,ND,ND,ND,ND,ND,ND,NA,NA,NA,,
BGC006655,,DSP HABs Cyanotoxins Contract,NMR,380837121333401,2022/05/18 08:21:00,Lumigen,ND,ND,,ND,ND,ND,ND,ND,,ND,,ND,,ND,,ND,ND,ND,,ND,ND,ND,ND,ND,NA,ND,ND,ND,ND,ND,ND,NA,NA,NA,,
BGC006656,,DSP HABs Cyanotoxins Contract,NFM,11336685,2022/05/18 08:57:00,Lumigen,ND,ND,,ND,ND,ND,ND,ND,,ND,,ND,,ND,,ND,ND,ND,,ND,ND,ND,ND,ND,NA,ND,ND,ND,ND,ND,ND,NA,NA,NA,,
BGC006657,,DSP HABs Cyanotoxins Contract,SMS,380831121301301,2022/05/18 10:00:00,Lumigen,ND,ND,,ND,ND,ND,ND,ND,,ND,,ND,,ND,,ND,ND,ND,,ND,ND,ND,ND,ND,NA,ND,ND,ND,ND,ND,ND,NA,NA,NA,,
BGC006658,,DSP HABs Cyanotoxins Contract,SYC,380831121281201,2022/05/18 10:17:00,Lumigen,ND,ND,,ND,ND,ND,ND,ND,,ND,,ND,,ND,,ND,ND,ND,,ND,ND,ND,ND,ND,NA,ND,ND,ND,ND,ND,ND,NA,NA,NA,,
BGC006659,REP0000469,DSP HABs Cyanotoxins Contract,LPS,11336790,2022/05/18 11:11:00,Lumigen,ND,ND,,ND,ND,ND,ND,ND,,ND,,ND,,ND,,ND,ND,ND,,ND,ND,ND,ND,ND,NA,ND,ND,ND,ND,ND,ND,NA,NA,NA,,
BGC006660,REP0000469,DSP HABs Cyanotoxins Contract,LPS,11336790,2022/05/18 11:12:00,Lumigen,ND,ND,,ND,ND,ND,ND,ND,,ND,,ND,,ND,,ND,ND,ND,,ND,ND,ND,ND,ND,NA,ND,ND,ND,ND,ND,ND,NA,NA,NA,,
BGC006661,,DSP HABs Cyanotoxins Contract,MRH,11312685,2022/05/18 11:55:00,Lumigen,ND,ND,,ND,ND,ND,ND,ND,,ND,,ND,,ND,,ND,ND,ND,,ND,ND,ND,ND,ND,NA,ND,ND,ND,ND,ND,ND,NA,NA,NA,,
BGC006662,,DRMP MDM Cyanotoxins Contract,MDM,11312676,2022/05/18 12:22:00,Lumigen,ND,ND,,ND,ND,ND,ND,ND,,ND,,ND,,ND,,ND,ND,ND,,ND,ND,ND,ND,ND,NA,ND,ND,ND,ND,ND,ND,NA,NA,NA,,
BGC006663,,DSP HABs Cyanotoxins Contract,MRB,11312674,2022/05/18 13:15:00,Lumigen,ND,ND,,ND,ND,ND,ND,ND,,ND,,ND,,ND,,ND,ND,ND,,ND,ND,ND,ND,ND,NA,ND,ND,ND,ND,ND,ND,NA,NA,NA,,
BGC006664,,DSP HABs Cyanotoxins Contract,ORCC,11313250,2022/05/18 13:39:00,Lumigen,ND,ND,,ND,ND,ND,ND,ND,,ND,,ND,,ND,,ND,ND,ND,,ND,ND,ND,ND,ND,NA,ND,ND,ND,ND,ND,ND,NA,NA,NA,,
BGC006665,,DSP HABs Cyanotoxins Contract,ORI,11313325,2022/05/18 14:07:00,Lumigen,ND,ND,,ND,ND,ND,ND,ND,,ND,,ND,,ND,,ND,ND,ND,,ND,ND,ND,ND,ND,NA,ND,ND,ND,ND,ND,ND,NA,NA,NA,,
BGC006666,,DSP HABs Cyanotoxins Contract,OLD,11313405,2022/05/18 14:30:00,Lumigen,ND,ND,,ND,ND,ND,ND,ND,,ND,,ND,,ND,,ND,ND,ND,,ND,ND,ND,ND,ND,NA,ND,ND,ND,ND,ND,ND,NA,NA,NA,,
BGC006667,,DSP HABs Cyanotoxins Contract,ORF,380300121344801,2022/05/18 15:00:00,Lumigen,ND,ND,,ND,ND,ND,ND,ND,,ND,,ND,,ND,,ND,ND,ND,,ND,ND,ND,ND,ND,NA,ND,ND,ND,ND,ND,ND,NA,NA,NA,,
BGC006668,OAQ2000179,DSP HABs Cyanotoxins Contract,QA/QC,88888801,2022/05/18 23:59:00,Lumigen,ND,ND,,ND,ND,ND,ND,ND,,ND,,ND,,ND,,ND,ND,ND,,ND,ND,ND,ND,ND,NA,ND,ND,ND,ND,ND,ND,NA,NA,NA,,
BGC006743,,DSP HABs Cyanotoxins Contract,ISLETON BRIDGE,381038121352501,2022/05/19 08:13:00,Lumigen,ND,ND,,ND,ND,ND,ND,ND,,ND,,ND,,ND,,ND,ND,ND,,ND,ND,ND,ND,ND,NA,ND,ND,ND,ND,ND,ND,NA,NA,NA,,
BGC006669,REP0000470,DSP HABs Cyanotoxins Contract,WGC,381330121332401,2022/05/19 08:32:00,Lumigen,ND,ND,,ND,ND,ND,ND,ND,,ND,,ND,,ND,,ND,ND,ND,,ND,ND,ND,ND,ND,NA,ND,ND,ND,ND,ND,ND,NA,NA,NA,,
BGC006670,REP0000470,DSP HABs Cyanotoxins Contract,WGC,381330121332401,2022/05/19 08:33:00,Lumigen,ND,ND,,ND,ND,ND,ND,ND,,ND,,ND,,ND,,ND,ND,ND,,ND,ND,ND,ND,ND,NA,ND,ND,ND,ND,ND,ND,NA,NA,NA,,
BGC006672,,DSP HABs Cyanotoxins Contract,WGA,11447890,2022/05/19 09:23:00,Lumigen,ND,ND,,ND,ND,ND,ND,ND,,ND,,ND,,ND,,ND,ND,ND,,ND,ND,ND,ND,ND,NA,ND,ND,ND,ND,ND,ND,NA,NA,NA,,
BGC006673,,DSP HABs Cyanotoxins Contract,HOOD,382205121311300,2022/05/19 09:57:00,Lumigen,ND,ND,,ND,ND,ND,ND,ND,,ND,,ND,,ND,,ND,ND,ND,,ND,ND,ND,ND,ND,NA,ND,ND,ND,ND,ND,ND,NA,NA,NA,,
BGC006674,,DSP HABs Cyanotoxins Contract,JPT,11337190,2022/05/19 10:15:00,Lumigen,ND,ND,,ND,ND,ND,ND,ND,,ND,,ND,,ND,,ND,ND,ND,,ND,ND,ND,ND,ND,N/A,ND,ND,ND,ND,ND,ND,N/A,N/A,N/A,,
BGC006675,,DSP HABs Cyanotoxins Contract,FPT,11447650,2022/05/19 10:34:00,Lumigen,ND,ND,,ND,ND,ND,ND,ND,,ND,,ND,,ND,,ND,ND,ND,,ND,ND,ND,ND,ND,NA,ND,ND,ND,ND,ND,ND,NA,NA,NA,,
BGC006865,,DSP HABs Cyanotoxins Contract,C10A,374045121155200,2022/05/19 10:45:00,Lumigen,ND,ND,,ND,ND,ND,ND,ND,,ND,,ND,,ND,,ND,ND,ND,,ND,ND,ND,ND,ND,NA,ND,ND,ND,ND,ND,ND,NA,NA,NA,,
BGC006744,,DSP HABs Cyanotoxins Contract,MILLER PARK,383340121310601,2022/05/19 11:21:00,Lumigen,ND,ND,,ND,ND,ND,ND,ND,,ND,,ND,,ND,,ND,ND,ND,,ND,ND,ND,ND,ND,NA,ND,ND,ND,ND,ND,ND,NA,NA,NA,,
BGC006677,,DSP HABs Cyanotoxins Contract,TOL,11455485,2022/05/19 12:45:00,Lumigen,ND,ND,,ND,ND,ND,ND,ND,,ND,,ND,,ND,,ND,ND,ND,,ND,ND,ND,ND,ND,N/A,ND,ND,ND,ND,ND,ND,N/A,N/A,N/A,,
BGC006866,,DSP HABs Cyanotoxins Contract,P8,375841121225601,2022/05/23 11:55:00,Lumigen,ND,ND,,ND,ND,ND,ND,ND,,ND,,ND,,ND,,ND,ND,ND,,ND,ND,ND,ND,ND,NA,ND,ND,ND,ND,ND,ND,NA,NA,NA,,
BGC006750,,DRMP MDM Cyanotoxins Contract,MDM,11312676,2022/05/24 08:45:00,Lumigen,ND,ND,,ND,ND,ND,ND,ND,,ND,,ND,,ND,,ND,ND,ND,,ND,ND,ND,ND,ND,ND,ND,ND,ND,ND,ND,ND,ND,ND,ND,,
BGC006868,REP0000526,DSP HABs Cyanotoxins Contract,FRK,380245121354801,2022/05/24 10:00:00,Lumigen,ND,ND,,ND,ND,ND,ND,ND,,ND,,ND,,ND,,ND,ND,ND,,ND,ND,ND,ND,ND,NA,ND,ND,ND,ND,ND,ND,NA,NA,NA,,
BGC006869,REP0000526,DSP HABs Cyanotoxins Contract,FRK,380245121354801,2022/05/24 10:01:00,Lumigen,ND,ND,,ND,ND,ND,ND,ND,,ND,,ND,,ND,,ND,ND,ND,,ND,ND,ND,ND,ND,NA,ND,ND,ND,ND,ND,ND,NA,NA,NA,,
BGC006850,,DSP HABs Cyanotoxins Contract,LIB,11455315,2022/05/31 10:30:00,Lumigen,ND,ND,,ND,ND,ND,ND,ND,,ND,,ND,,ND,,ND,ND,ND,,ND,ND,ND,ND,ND,NA,ND,ND,ND,ND,ND,ND,NA,NA,NA,,
BGC006855,,DSP HABs Cyanotoxins Contract,TOL,11455485,2022/06/01 09:30:00,Lumigen,ND,ND,,ND,ND,ND,ND,ND,,ND,,ND,,ND,,ND,ND,ND,,ND,ND,ND,ND,ND,N/A,ND,ND,ND,ND,ND,ND,N/A,N/A,N/A,,
BGC006857,,DSP HABs Cyanotoxins Contract,JPT,11337190,2022/06/01 11:45:00,Lumigen,ND,ND,,ND,ND,ND,ND,ND,,ND,,ND,,ND,,ND,ND,ND,,ND,ND,ND,ND,ND,N/A,ND,ND,ND,ND,ND,ND,N/A,N/A,N/A,,
BGC006859,,DRMP MDM Cyanotoxins Contract,MDM,11312676,2022/06/02 09:30:00,Lumigen,ND,ND,,ND,ND,ND,ND,ND,,ND,,ND,,ND,,ND,ND,ND,,ND,ND,ND,ND,ND,ND,ND,ND,ND,ND,ND,ND,ND,ND,ND,,
BGC007061,,DSP HABs Cyanotoxins Contract,RRI,375747121215401,2022/06/06 08:15:00,Lumigen,ND,ND,,ND,ND,ND,ND,ND,,ND,,ND,,ND,,ND,ND,ND,,ND,ND,ND,ND,ND,N/A,ND,ND,ND,ND,ND,ND,N/A,N/A,N/A,,
BGC007062,,DSP HABs Cyanotoxins Contract,C10A,374045121155200,2022/06/06 09:15:00,Lumigen,ND,ND,,ND,ND,ND,ND,ND,,ND,,ND,,ND,,ND,ND,ND,,ND,ND,ND,ND,ND,N/A,ND,ND,ND,ND,ND,ND,N/A,N/A,N/A,,
BGC007063,,DSP HABs Cyanotoxins Contract,FRK,380245121354801,2022/06/07 11:40:00,Lumigen,ND,ND,,ND,ND,ND,ND,ND,,ND,,ND,,ND,,ND,ND,ND,,ND,ND,ND,ND,ND,N/A,ND,ND,ND,ND,ND,ND,N/A,N/A,N/A,,
BGC006920,,DSP HABs Cyanotoxins Contract,TOL,11455485,2022/06/14 08:15:00,Lumigen,ND,ND,,ND,ND,ND,ND,ND,,ND,,ND,,ND,,ND,ND,ND,,ND,ND,ND,ND,ND,N/A,ND,ND,ND,ND,ND,ND,N/A,N/A,N/A,,
BGC006923,REP0000529,DSP HABs Cyanotoxins Contract,JPT,11337190,2022/06/14 10:45:00,Lumigen,ND,ND,,ND,ND,ND,ND,ND,,ND,,ND,,ND,,ND,ND,ND,,ND,ND,ND,ND,ND,N/A,ND,ND,ND,ND,ND,ND,N/A,N/A,N/A,,
BGC006924,REP0000529,DSP HABs Cyanotoxins Contract,JPT,11337190,2022/06/14 10:46:00,Lumigen,ND,ND,,ND,ND,ND,ND,ND,,ND,,ND,,ND,,ND,ND,ND,,ND,ND,ND,ND,ND,N/A,ND,ND,ND,ND,ND,ND,N/A,N/A,N/A,,
BGC006928,REP0000563,DSP HABs Cyanotoxins Contract,LIB,11455315,2022/06/15 09:30:00,Lumigen,ND,ND,,ND,ND,ND,ND,ND,,ND,,ND,,ND,,ND,ND,ND,,ND,ND,ND,ND,ND,N/A,ND,ND,ND,ND,ND,ND,N/A,N/A,N/A,,
BGC006929,REP0000563,DSP HABs Cyanotoxins Contract,LIB,11455315,2022/06/15 09:31:00,Lumigen,ND,ND,,ND,ND,ND,ND,ND,,ND,,ND,,ND,,ND,ND,ND,,ND,ND,ND,ND,ND,N/A,ND,ND,ND,ND,ND,ND,N/A,N/A,N/A,,
BGC006951,,DRMP MDM Cyanotoxins Contract,MDM,11312676,2022/06/16 09:30:00,Lumigen,ND,ND,,ND,ND,ND,ND,ND,,ND,,ND,,ND,,ND,ND,ND,,ND,ND,ND,ND,ND,ND,ND,ND,ND,ND,ND,ND,ND,ND,ND,,
BGC007065,,DSP HABs Cyanotoxins Contract,FRK,380245121354801,2022/06/20 11:30:00,Lumigen,ND,ND,,ND,ND,ND,ND,ND,,ND,,ND,,ND,,ND,ND,ND,,ND,ND,ND,ND,ND,N/A,ND,ND,ND,ND,ND,ND,N/A,N/A,N/A,,
BGC007066,,DSP HABs Cyanotoxins Contract,C10A,374045121155200,2022/06/20 13:15:00,Lumigen,ND,ND,,ND,ND,ND,ND,ND,,ND,,ND,,ND,,ND,ND,ND,,ND,ND,ND,ND,ND,N/A,ND,ND,ND,ND,ND,ND,N/A,N/A,N/A,,
BGC007067,,DSP HABs Cyanotoxins Contract,P8,375841121225601,2022/06/22 13:10:00,Lumigen,ND,ND,,ND,ND,0.01,ND,ND,,ND,,ND,,0.01,,ND,ND,ND,,ND,0.01,ND,ND,ND,N/A,ND,ND,ND,ND,ND,ND,N/A,N/A,N/A,,
BGC006983,,DSP HABs Cyanotoxins Contract,LIB,11455315,2022/06/28 09:15:00,Lumigen,ND,ND,,ND,ND,ND,ND,ND,,ND,,ND,,ND,,ND,ND,ND,,ND,ND,ND,ND,ND,N/A,ND,ND,ND,ND,ND,ND,N/A,N/A,N/A,,
BGC006988,,DSP HABs Cyanotoxins Contract,TOL,11455485,2022/06/29 07:45:00,Lumigen,ND,ND,,ND,ND,ND,ND,ND,,ND,,ND,,ND,,ND,ND,ND,,ND,ND,ND,ND,ND,N/A,ND,ND,ND,ND,ND,ND,N/A,N/A,N/A,,
BGC006987,,DSP HABs Cyanotoxins Contract,JPT,11337190,2022/06/29 08:45:00,Lumigen,ND,ND,,ND,ND,ND,ND,ND,,ND,,ND,,ND,,ND,ND,ND,,ND,ND,ND,ND,ND,N/A,ND,ND,ND,ND,ND,ND,N/A,N/A,N/A,,
BGC006986,,DRMP MDM Cyanotoxins Contract,MDM,11312676,2022/06/29 10:00:00,Lumigen,ND,ND,,ND,ND,0.01,ND,ND,,ND,,ND,,0.01,,ND,ND,ND,,ND,ND,ND,ND,ND,ND,ND,ND,ND,ND,ND,ND,ND,ND,ND,,
BGC007070,,DSP HABs Cyanotoxins Contract,RRI,375747121215401,2022/07/05 09:15:00,Lumigen,ND,ND,,ND,ND,0.02,ND,ND,,ND,,ND,,0.01,,ND,ND,ND,,ND,0.02,ND,ND,ND,N/A,ND,ND,ND,ND,ND,ND,N/A,N/A,N/A,,
BGC007071,,DSP HABs Cyanotoxins Contract,C10A,374045121155200,2022/07/05 10:10:00,Lumigen,ND,ND,,ND,ND,ND,ND,ND,,ND,,ND,,ND,,ND,ND,ND,,ND,ND,ND,ND,ND,N/A,ND,ND,ND,ND,ND,ND,N/A,N/A,N/A,,
BGC007172,,DSP HABs Cyanotoxins Contract,JPT,11337190,2022/07/12 09:00:00,Lumigen,ND,ND,,ND,ND,0.01,ND,ND,,ND,,ND,,0.01,,ND,ND,ND,,ND,ND,ND,ND,ND,N/A,ND,ND,ND,ND,ND,ND,N/A,N/A,N/A,,
BGC007175,,DSP HABs Cyanotoxins Contract,TOL,11455485,2022/07/12 14:15:00,Lumigen,ND,ND,,ND,ND,ND,ND,ND,,ND,,ND,,ND,,ND,ND,ND,,ND,ND,ND,ND,ND,N/A,ND,ND,ND,ND,ND,ND,N/A,N/A,N/A,,
BGC007473,,DSP HABs Cyanotoxins Contract,FRK,380245121354801,2022/07/13 11:30:00,Lumigen,ND,ND,,ND,ND,ND,ND,ND,,ND,,ND,,ND,,ND,ND,ND,,ND,ND,ND,ND,ND,N/A,ND,ND,ND,ND,ND,ND,N/A,N/A,N/A,,
BGC007215,,DSP HABs Cyanotoxins Contract,CCH41,11455385,2022/07/18 08:10:00,Lumigen,ND,ND,,ND,ND,ND,ND,ND,,ND,,ND,,ND,,ND,ND,ND,,ND,ND,ND,ND,ND,N/A,ND,ND,ND,ND,ND,ND,N/A,N/A,N/A,,
BGC007216,,DSP HABs Cyanotoxins Contract,LIB,11455315,2022/07/18 08:38:00,Lumigen,ND,ND,,ND,ND,ND,ND,ND,,ND,,ND,,ND,,ND,ND,ND,,ND,ND,ND,ND,ND,N/A,ND,ND,ND,ND,ND,ND,N/A,N/A,N/A,,
BGC007218,,DSP HABs Cyanotoxins Contract,SSB,11455276,2022/07/18 09:41:00,Lumigen,ND,ND,,ND,ND,ND,ND,ND,,ND,,ND,,ND,,ND,ND,ND,,ND,ND,ND,ND,ND,N/A,ND,ND,ND,ND,ND,ND,N/A,N/A,N/A,,
BGC007220,,DSP HABs Cyanotoxins Contract,SS,382010121402301,2022/07/18 10:03:00,Lumigen,ND,ND,,ND,ND,ND,ND,ND,,ND,,ND,,ND,,ND,ND,ND,,ND,ND,ND,ND,ND,N/A,ND,ND,ND,ND,ND,ND,N/A,N/A,N/A,,
BGC007478,,DSP HABs Cyanotoxins Contract,C10A,374045121155200,2022/07/18 12:00:00,Lumigen,ND,ND,,ND,ND,ND,ND,ND,,ND,,ND,,ND,,ND,ND,ND,,ND,ND,ND,ND,ND,N/A,ND,ND,ND,ND,ND,ND,N/A,N/A,N/A,,
BGC007422,,DSP HABs Cyanotoxins Contract,SJRT10,380536121342901,2022/07/19 08:10:00,Lumigen,ND,ND,,ND,ND,0.02,ND,ND,,ND,,ND,,0.01,,ND,ND,ND,,ND,ND,ND,ND,ND,N/A,ND,ND,ND,ND,ND,ND,N/A,N/A,N/A,,
BGC007232,,DSP HABs Cyanotoxins Contract,NMR,380837121333401,2022/07/19 08:37:00,Lumigen,ND,ND,,ND,ND,ND,ND,ND,,ND,,ND,,ND,,ND,ND,ND,,ND,ND,ND,ND,ND,N/A,ND,ND,ND,ND,ND,ND,N/A,N/A,N/A,,
BGC007233,,DSP HABs Cyanotoxins Contract,NFM,11336685,2022/07/19 09:05:00,Lumigen,ND,ND,,ND,ND,ND,ND,ND,,ND,,ND,,ND,,ND,ND,ND,,ND,ND,ND,ND,ND,N/A,ND,ND,ND,ND,ND,ND,N/A,N/A,N/A,,
BGC007234,,DSP HABs Cyanotoxins Contract,SMS,380831121301301,2022/07/19 10:15:00,Lumigen,ND,ND,,ND,ND,ND,ND,ND,,ND,,ND,,ND,,ND,ND,ND,,ND,ND,ND,ND,ND,N/A,ND,ND,ND,ND,ND,ND,N/A,N/A,N/A,,
BGC007235,,DSP HABs Cyanotoxins Contract,SYC,380831121281201,2022/07/19 10:37:00,Lumigen,ND,ND,,ND,ND,ND,ND,ND,,ND,,ND,,ND,,ND,ND,ND,,ND,ND,ND,ND,ND,N/A,ND,ND,ND,ND,ND,ND,N/A,N/A,N/A,,
BGC007236,REP0000557,DSP HABs Cyanotoxins Contract,LPS,11336790,2022/07/19 11:47:00,Lumigen,ND,ND,,ND,ND,ND,ND,ND,,ND,,ND,,ND,,ND,ND,ND,,ND,ND,ND,ND,ND,N/A,ND,ND,ND,ND,ND,ND,N/A,N/A,N/A,,
BGC007237,REP0000557,DSP HABs Cyanotoxins Contract,LPS,11336790,2022/07/19 11:48:00,Lumigen,ND,ND,,ND,ND,ND,ND,ND,,ND,,ND,,ND,,ND,ND,ND,,ND,ND,ND,ND,ND,N/A,ND,ND,ND,ND,ND,ND,N/A,N/A,N/A,,
BGC007238,,DSP HABs Cyanotoxins Contract,MRH,11312685,2022/07/19 12:25:00,Lumigen,ND,ND,,ND,ND,0.02,ND,ND,,ND,,ND,,0.02,,ND,ND,ND,,ND,ND,ND,ND,ND,N/A,ND,ND,ND,ND,ND,ND,N/A,N/A,N/A,,
BGC007239,,DSP HABs Cyanotoxins Contract,MDM,11312676,2022/07/19 12:50:00,Lumigen,ND,ND,,ND,ND,0.02,ND,ND,,ND,,ND,,0.02,,ND,ND,ND,,ND,ND,ND,ND,ND,N/A,ND,ND,ND,ND,ND,ND,N/A,N/A,N/A,,
BGC007240,,DSP HABs Cyanotoxins Contract,MRB,11312674,2022/07/19 13:30:00,Lumigen,ND,ND,,ND,ND,0.02,ND,ND,,ND,,ND,,0.02,,ND,ND,ND,,ND,ND,ND,ND,ND,N/A,ND,ND,ND,ND,ND,ND,N/A,N/A,N/A,,
BGC007241,,DSP HABs Cyanotoxins Contract,ORCC,11313250,2022/07/19 14:00:00,Lumigen,ND,0.01,,ND,ND,0.02,ND,ND,,ND,,ND,,0.02,,ND,ND,ND,,ND,0.01,ND,ND,ND,N/A,ND,ND,ND,ND,ND,ND,N/A,N/A,N/A,,
BGC007242,,DSP HABs Cyanotoxins Contract,ORI,11313325,2022/07/19 14:40:00,Lumigen,ND,ND,,ND,ND,0.02,ND,ND,,ND,,ND,,0.01,,ND,ND,ND,,ND,ND,ND,ND,ND,N/A,ND,ND,ND,ND,ND,ND,N/A,N/A,N/A,,
BGC007243,,DSP HABs Cyanotoxins Contract,OLD,11313405,2022/07/19 15:25:00,Lumigen,ND,ND,,ND,ND,0.03,ND,ND,,ND,,ND,,0.02,,ND,ND,ND,,ND,0.01,ND,ND,ND,N/A,ND,ND,ND,ND,ND,ND,N/A,N/A,N/A,,
BGC007244,,DSP HABs Cyanotoxins Contract,ORF,380300121344801,2022/07/19 15:50:00,Lumigen,ND,ND,,ND,ND,0.03,ND,ND,,ND,,ND,,0.02,,ND,ND,ND,,ND,ND,ND,ND,ND,N/A,ND,ND,ND,ND,ND,ND,N/A,N/A,N/A,,
BGC007418,,DSP HABs Cyanotoxins Contract,ORSJ,380412121344001,2022/07/19 16:06:00,Lumigen,ND,ND,,ND,ND,0.02,ND,ND,,ND,,ND,,0.01,,ND,ND,ND,,ND,ND,ND,ND,ND,N/A,ND,ND,ND,ND,ND,ND,N/A,N/A,N/A,,
BGC007245,OAQ2000194,DSP HABs Cyanotoxins Contract,SJT,380433121341501,2022/07/19 23:59:00,Lumigen,ND,ND,,ND,ND,ND,ND,ND,,ND,,ND,,ND,,ND,ND,ND,,ND,ND,ND,ND,ND,N/A,ND,ND,ND,ND,ND,ND,N/A,N/A,N/A,,
BGC007263,,DSP HABs Cyanotoxins Contract,TOL,11455485,2022/07/20 07:25:00,Lumigen,ND,ND,,ND,ND,ND,ND,ND,,ND,,ND,,ND,,ND,ND,ND,,ND,ND,ND,ND,ND,N/A,ND,ND,ND,ND,ND,ND,N/A,N/A,N/A,,
BGC007246,,DSP HABs Cyanotoxins Contract,CFL,11455508,2022/07/20 07:48:00,Lumigen,ND,ND,,ND,ND,ND,ND,ND,,ND,,ND,,ND,,ND,ND,ND,,ND,ND,ND,ND,ND,N/A,ND,ND,ND,ND,ND,ND,N/A,N/A,N/A,,
BGC007247,,DSP HABs Cyanotoxins Contract,GRZ,380631122032201,2022/07/20 08:48:00,Lumigen,ND,ND,,ND,ND,ND,ND,ND,,ND,,ND,,ND,,ND,ND,ND,,ND,ND,ND,ND,ND,N/A,ND,ND,ND,ND,ND,ND,N/A,N/A,N/A,,
BGC007248,,DSP HABs Cyanotoxins Contract,JPT,11337190,2022/07/20 10:03:00,Lumigen,ND,ND,,ND,ND,0.02,ND,ND,,ND,,ND,,0.01,,ND,ND,ND,,ND,ND,ND,ND,ND,N/A,ND,ND,ND,ND,ND,ND,N/A,N/A,N/A,,
BGC007249,,DSP HABs Cyanotoxins Contract,PPT,11313460,2022/07/20 10:41:00,Lumigen,ND,ND,,ND,ND,0.01,ND,ND,,ND,,ND,,0.01,,ND,ND,ND,,ND,ND,ND,ND,ND,N/A,ND,ND,ND,ND,ND,ND,N/A,N/A,N/A,,
BGC007250,,DSP HABs Cyanotoxins Contract,SJW,380131121280501,2022/07/20 11:15:00,Lumigen,ND,ND,,ND,ND,0.01,ND,ND,,ND,,ND,,0.01,,ND,ND,ND,,ND,ND,ND,ND,ND,N/A,ND,ND,ND,ND,ND,ND,N/A,N/A,N/A,,
BGC007251,,DSP HABs Cyanotoxins Contract,TRN,11311300,2022/07/20 11:35:00,Lumigen,ND,ND,,ND,ND,0.02,ND,ND,,ND,,ND,,0.01,,ND,ND,ND,,ND,ND,ND,ND,ND,N/A,ND,ND,ND,ND,ND,ND,N/A,N/A,N/A,,
BGC007252,,DSP HABs Cyanotoxins Contract,SJRBC,375831121223701,2022/07/20 11:50:00,Lumigen,ND,0.01,,ND,ND,0.02,ND,ND,,ND,,ND,,0.01,,ND,ND,ND,,ND,ND,ND,ND,ND,N/A,ND,ND,ND,ND,ND,ND,N/A,N/A,N/A,,
BGC007419,,DSP HABs Cyanotoxins Contract,SJMS,375711121182001,2022/07/20 12:15:00,Lumigen,ND,0.19,,0.04,ND,0.31,0.04,0.01,,ND,,ND,,0.04,,0.01,0.01,0.01,,0.01,0.22,0.01,0.01,ND,N/A,ND,ND,ND,ND,ND,ND,N/A,N/A,N/A,,
BGC007479,,DSP HABs Cyanotoxins Contract,P8,375841121225601,2022/07/20 12:25:00,Lumigen,ND,0.02,,0.01,ND,0.06,ND,ND,,ND,,ND,,0.05,,ND,ND,ND,,ND,0.01,ND,ND,ND,N/A,ND,ND,ND,ND,ND,ND,N/A,N/A,N/A,,
BGC007420,,DSP HABs Cyanotoxins Contract,SJP2,375709121190301,2022/07/20 12:28:00,Lumigen,ND,0.49,,0.08,ND,0.42,0.05,0.02,,ND,,0.01,,0.04,,0.01,0.01,0.01,,0.03,0.58,0.03,0.02,ND,N/A,ND,ND,ND,ND,ND,ND,N/A,N/A,N/A,,
BGC007421,,DSP HABs Cyanotoxins Contract,SJRSDWS,375706121201001,2022/07/20 12:38:00,Lumigen,ND,0.03,,ND,ND,0.06,ND,ND,,ND,,ND,,0.03,,ND,ND,ND,,ND,0.1,0.01,ND,ND,N/A,ND,ND,ND,0.02,ND,ND,N/A,N/A,N/A,,
BGC007253,REP0000558,DSP HABs Cyanotoxins Contract,SJRST,375649121202101,2022/07/20 12:50:00,Lumigen,ND,0.01,,ND,ND,0.02,ND,ND,,ND,,ND,,0.01,,ND,ND,ND,,ND,0.03,ND,ND,ND,N/A,ND,ND,ND,ND,ND,ND,N/A,N/A,N/A,,
BGC007254,REP0000558,DSP HABs Cyanotoxins Contract,SJRST,375649121202101,2022/07/20 12:51:00,Lumigen,ND,0.01,,ND,ND,0.01,ND,ND,,ND,,ND,,0.01,,ND,ND,ND,,ND,0.03,ND,ND,ND,N/A,ND,ND,ND,ND,ND,ND,N/A,N/A,N/A,,
BGC007482,OAQ2000235,DSP HABs Cyanotoxins Contract,P8,375841121225601,2022/07/20 13:10:00,Lumigen,ND,ND,,ND,ND,ND,ND,ND,,ND,,ND,,ND,,ND,ND,ND,,ND,ND,ND,ND,ND,N/A,ND,ND,ND,ND,ND,ND,N/A,N/A,N/A,,
BGC007413,,DSP HABs Cyanotoxins Contract,14MILE SOUTH,375952121243601,2022/07/20 13:53:00,Lumigen,ND,ND,,ND,ND,0.02,ND,ND,,ND,,ND,,0.02,,ND,ND,ND,,ND,ND,ND,ND,ND,N/A,ND,ND,ND,ND,ND,ND,N/A,N/A,N/A,,
BGC007255,,DSP HABs Cyanotoxins Contract,14MILE,380232121241801,2022/07/20 14:10:00,Lumigen,ND,ND,,ND,ND,ND,ND,ND,,ND,,ND,,0.01,,ND,ND,ND,,ND,ND,ND,ND,ND,N/A,ND,ND,ND,ND,ND,ND,N/A,N/A,N/A,,
BGC007414,,DSP HABs Cyanotoxins Contract,DSSJ,380217121290301,2022/07/20 14:31:00,Lumigen,ND,ND,,ND,ND,0.01,ND,ND,,ND,,ND,,0.01,,ND,ND,ND,,ND,ND,ND,ND,ND,N/A,ND,ND,ND,ND,ND,ND,N/A,N/A,N/A,,
BGC007256,OAQ2000201,DSP HABs Cyanotoxins Contract,14MILE,380232121241801,2022/07/20 23:59:00,Lumigen,ND,ND,,ND,ND,ND,ND,ND,,ND,,ND,,ND,,ND,ND,ND,,ND,ND,ND,ND,ND,N/A,ND,ND,ND,ND,ND,ND,N/A,N/A,N/A,,
BGC007424,,DSP HABs Cyanotoxins Contract,RIOV,11455420,2022/07/21 07:54:00,Lumigen,ND,ND,,ND,ND,ND,ND,ND,,ND,,ND,,ND,,ND,ND,ND,,ND,ND,ND,ND,ND,N/A,ND,ND,ND,ND,ND,ND,N/A,N/A,N/A,,
BGC007269,,DSP HABs Cyanotoxins Contract,WGC,381330121332401,2022/07/21 08:42:00,Lumigen,ND,ND,,ND,ND,ND,ND,ND,,ND,,ND,,ND,,ND,ND,ND,,ND,ND,ND,ND,ND,N/A,ND,ND,ND,ND,ND,ND,N/A,N/A,N/A,,
BGC007268,REP0000560,DSP HABs Cyanotoxins Contract,WGA,11447890,2022/07/21 09:17:00,Lumigen,ND,ND,,ND,ND,ND,ND,ND,,ND,,ND,,ND,,ND,ND,ND,,ND,ND,ND,ND,ND,N/A,ND,ND,ND,ND,ND,ND,N/A,N/A,N/A,,
BGC007267,REP0000560,DSP HABs Cyanotoxins Contract,WGA,11447890,2022/07/21 09:18:00,Lumigen,ND,ND,,ND,ND,ND,ND,ND,,ND,,ND,,ND,,ND,ND,ND,,ND,ND,ND,ND,ND,N/A,ND,ND,ND,ND,ND,ND,N/A,N/A,N/A,,
BGC007266,,DSP HABs Cyanotoxins Contract,HOOD,382205121311300,2022/07/21 10:05:00,Lumigen,ND,ND,,ND,ND,ND,ND,ND,,ND,,ND,,ND,,ND,ND,ND,,ND,ND,ND,ND,ND,N/A,ND,ND,ND,ND,ND,ND,N/A,N/A,N/A,,
BGC007265,,DSP HABs Cyanotoxins Contract,FPT,11447650,2022/07/21 10:37:00,Lumigen,ND,ND,,ND,ND,ND,ND,ND,,ND,,ND,,ND,,ND,ND,ND,,ND,ND,ND,ND,ND,N/A,ND,ND,ND,ND,ND,ND,N/A,N/A,N/A,,
BGC007437,,DSP HABs Cyanotoxins Contract,MILLER PARK,383340121310601,2022/07/21 11:33:00,Lumigen,ND,ND,,ND,ND,ND,ND,ND,,ND,,ND,,ND,,ND,ND,ND,,ND,ND,ND,ND,ND,N/A,ND,ND,ND,ND,ND,ND,N/A,N/A,N/A,,
BGC007264,OAQ2000193,DSP HABs Cyanotoxins Contract,FPT,11447650,2022/07/21 23:59:00,Lumigen,ND,ND,,ND,ND,ND,ND,ND,,ND,,ND,,ND,,ND,ND,ND,,ND,ND,ND,ND,ND,N/A,ND,ND,ND,ND,ND,ND,N/A,N/A,N/A,,
BGC007475,REP0000564,DSP HABs Cyanotoxins Contract,FRK,380245121354801,2022/07/26 11:40:00,Lumigen,ND,ND,,ND,ND,0.01,ND,ND,,ND,,ND,,0.01,,ND,ND,ND,,ND,ND,ND,ND,ND,N/A,ND,ND,ND,ND,ND,ND,N/A,N/A,N/A,,
BGC007477,REP0000564,DSP HABs Cyanotoxins Contract,FRK,380245121354801,2022/07/26 11:50:00,Lumigen,ND,ND,,ND,ND,0.02,ND,ND,,ND,,ND,,0.02,,ND,ND,ND,,ND,ND,ND,ND,ND,N/A,ND,ND,ND,ND,ND,ND,N/A,N/A,N/A,,
BGC007440,,DRMP MDM Cyanotoxins Contract,MDM,11312676,2022/07/27 10:30:00,Lumigen,ND,ND,,ND,ND,0.02,ND,ND,,ND,,ND,,0.02,,ND,ND,ND,,ND,0.01,ND,ND,ND,ND,ND,ND,ND,ND,ND,ND,ND,ND,,ND,ND
BGC007446,,DSP HABs Cyanotoxins Contract,JPT,11337190,2022/07/27 11:45:00,Lumigen,ND,0.01,,ND,ND,0.04,ND,ND,,ND,,ND,,0.02,,ND,ND,ND,,ND,ND,ND,ND,ND,ND,ND,ND,ND,ND,ND,ND,ND,ND,,ND,ND
BGC007454,,DSP HABs Cyanotoxins Contract,TOL,11455485,2022/07/27 13:15:00,Lumigen,ND,ND,,ND,ND,0.01,ND,ND,,ND,,ND,,ND,,ND,ND,ND,,ND,ND,ND,ND,ND,N/A,ND,ND,ND,ND,ND,ND,N/A,N/A,N/A,,
BGC007489,,DSP HABs Cyanotoxins Contract,LIB,11455315,2022/07/28 10:00:00,Lumigen,ND,ND,,ND,ND,ND,ND,ND,,ND,,ND,,ND,,ND,ND,ND,,ND,ND,ND,ND,ND,N/A,ND,ND,ND,ND,ND,ND,N/A,N/A,N/A,,
BGC008016,,DSP HABs Cyanotoxins Contract,RRI,375747121215401,2022/08/02 09:15:00,Lumigen,ND,0.01,,ND,ND,0.02,ND,ND,,ND,,ND,,0.01,,ND,ND,ND,,ND,ND,ND,ND,ND,ND,ND,ND,ND,ND,ND,ND,ND,ND,,ND,ND
BGC008017,,DSP HABs Cyanotoxins Contract,C10A,374045121155200,2022/08/02 10:15:00,Lumigen,ND,ND,,ND,ND,ND,ND,ND,,ND,,ND,,ND,,ND,ND,ND,,ND,ND,ND,ND,ND,ND,ND,ND,ND,ND,ND,ND,ND,ND,,ND,ND
BGC007514,,DRMP MDM Cyanotoxins Contract,MDM,11312676,2022/08/08 11:15:00,Lumigen,ND,0.01,,ND,ND,0.01,ND,ND,,ND,,ND,,0.01,,ND,ND,ND,,ND,0.05,ND,0.02,ND,ND,ND,ND,ND,ND,ND,ND,ND,ND,,ND,ND
BGC007545,,DSP HABs Cyanotoxins Contract,LIB,11455315,2022/08/09 09:30:00,Lumigen,ND,ND,,ND,ND,ND,ND,ND,,ND,,ND,,ND,,ND,ND,ND,,ND,ND,ND,ND,ND,ND,ND,ND,ND,ND,ND,ND,ND,ND,,ND,ND
BGC008018,REP0000602,DSP HABs Cyanotoxins Contract,FRK,380245121354801,2022/08/10 14:00:00,Lumigen,ND,0.01,,ND,ND,0.01,ND,ND,,ND,,ND,,0.01,,ND,ND,ND,,ND,0.03,ND,ND,ND,ND,ND,ND,ND,ND,ND,ND,ND,ND,,ND,ND
BGC008019,REP0000602,DSP HABs Cyanotoxins Contract,FRK,380245121354801,2022/08/10 14:01:00,Lumigen,ND,0.01,,ND,ND,0.01,ND,ND,,ND,,ND,,0.01,,ND,ND,ND,,ND,0.02,ND,ND,ND,ND,ND,ND,ND,ND,ND,ND,ND,ND,,ND,ND
BGC007572,,DSP HABs Cyanotoxins Contract,JPT,11337190,2022/08/11 10:45:00,Lumigen,ND,ND,,ND,ND,0.01,ND,ND,,ND,,ND,,0.01,,ND,ND,ND,,ND,0.01,ND,ND,ND,ND,ND,ND,ND,ND,ND,ND,ND,ND,,ND,ND
BGC007575,,DSP HABs Cyanotoxins Contract,TOL,11455485,2022/08/11 14:00:00,Lumigen,ND,0.01,,ND,ND,0.01,ND,ND,,ND,,ND,,ND,,ND,ND,ND,,0.01,ND,0.01,ND,ND,ND,ND,ND,ND,ND,ND,ND,ND,ND,,ND,ND
BGC008020,,DSP HABs Cyanotoxins Contract,C10A,374045121155200,2022/08/15 11:30:00,Lumigen,ND,ND,,ND,ND,ND,ND,ND,,ND,,ND,,ND,,ND,ND,ND,,ND,ND,ND,ND,ND,ND,ND,ND,ND,ND,ND,ND,ND,ND,,ND,ND
BGC008021,REP0000601,DSP HABs Cyanotoxins Contract,P8,375841121225601,2022/08/17 10:55:00,Lumigen,ND,0.01,,ND,ND,0.01,ND,ND,,ND,,ND,,0.01,,ND,ND,ND,,ND,0.01,ND,ND,ND,ND,ND,ND,ND,ND,ND,ND,ND,ND,,ND,ND
BGC008022,REP0000601,DSP HABs Cyanotoxins Contract,P8,375841121225601,2022/08/17 10:56:00,Lumigen,ND,0.01,,ND,ND,0.01,ND,ND,,ND,,ND,,ND,,ND,ND,ND,,ND,ND,ND,ND,ND,ND,ND,ND,ND,ND,ND,ND,ND,ND,,ND,ND
BGC008023,OAQ2000216,DSP HABs Cyanotoxins Contract,P8,375841121225601,2022/08/17 11:40:00,Lumigen,ND,ND,,ND,ND,ND,ND,ND,,ND,,ND,,ND,,ND,ND,ND,,ND,ND,ND,ND,ND,ND,ND,ND,ND,ND,ND,ND,ND,ND,,ND,ND
BGC007776,,DRMP MDM Cyanotoxins Contract,MDM,11312676,2022/08/23 08:30:00,Lumigen,ND,ND,,ND,ND,ND,ND,ND,,ND,,ND,,ND,,ND,ND,ND,,ND,0.01,ND,ND,ND,ND,ND,ND,ND,ND,ND,ND,ND,ND,,ND,ND
BGC007778,,DSP HABs Cyanotoxins Contract,LIB,11455315,2022/08/23 11:00:00,Lumigen,ND,ND,,ND,ND,ND,ND,ND,,ND,,ND,,ND,,ND,ND,ND,,ND,ND,ND,ND,ND,ND,ND,ND,ND,ND,ND,ND,ND,ND,,ND,ND
BGC008024,,DSP HABs Cyanotoxins Contract,FRK,380245121354801,2022/08/23 11:45:00,Lumigen,ND,0.01,,ND,ND,ND,ND,ND,,ND,,ND,,0.01,,ND,ND,ND,,ND,0.09,ND,ND,ND,ND,ND,ND,ND,ND,ND,ND,ND,ND,,ND,ND
BGC007784,,DSP HABs Cyanotoxins Contract,JPT,11337190,2022/08/24 09:00:00,Lumigen,ND,ND,,ND,ND,ND,ND,ND,,ND,,ND,,ND,,ND,ND,ND,,ND,ND,ND,ND,ND,ND,ND,ND,ND,ND,ND,ND,ND,ND,,ND,ND
BGC007785,,DSP HABs Cyanotoxins Contract,TOL,11455485,2022/08/24 13:45:00,Lumigen,ND,ND,,ND,ND,ND,ND,ND,,ND,,ND,,ND,,ND,ND,ND,,ND,ND,ND,ND,ND,ND,ND,ND,ND,ND,ND,ND,ND,ND,,ND,ND
BGC008025,,DSP HABs Cyanotoxins Contract,RRI,375747121215401,2022/08/30 09:15:00,Lumigen,ND,0.01,,ND,ND,0.01,ND,ND,,ND,,ND,,ND,,ND,ND,ND,,ND,0.02,0.01,ND,ND,ND,ND,ND,ND,ND,ND,ND,ND,ND,,ND,ND
BGC008026,,DSP HABs Cyanotoxins Contract,C10A,374045121155200,2022/08/30 10:30:00,Lumigen,ND,ND,,ND,ND,ND,ND,ND,,ND,,ND,,ND,,ND,ND,ND,,ND,ND,ND,0.01,ND,ND,ND,ND,ND,ND,ND,ND,ND,ND,,ND,ND
BGC007965,,DRMP MDM Cyanotoxins Contract,MDM,11312676,2022/09/06 10:00:00,Lumigen,ND,0.01,,ND,ND,0.01,ND,ND,,ND,,ND,,ND,,ND,ND,ND,,ND,0.01,ND,ND,ND,ND,ND,ND,ND,ND,ND,ND,ND,ND,,ND,ND
BGC007994,,DSP HABs Cyanotoxins Contract,TOL,11455485,2022/09/07 10:45:00,Lumigen,ND,ND,,ND,ND,ND,ND,ND,,ND,,ND,,ND,,ND,ND,ND,,ND,ND,ND,ND,ND,ND,ND,ND,ND,ND,ND,ND,ND,ND,,ND,ND
BGC007993,,DSP HABs Cyanotoxins Contract,JPT,11337190,2022/09/07 13:30:00,Lumigen,ND,0.01,,ND,ND,0.01,ND,ND,,ND,,ND,,ND,,ND,ND,ND,,ND,0.02,ND,ND,ND,ND,ND,ND,ND,ND,ND,ND,ND,ND,,ND,ND
BGC008227,,DSP HABs Cyanotoxins Contract,FRK,380245121354801,2022/09/08 08:50:00,Lumigen,ND,ND,,ND,ND,ND,ND,ND,,ND,,ND,,ND,,ND,ND,ND,,ND,ND,ND,ND,ND,ND,ND,ND,ND,ND,ND,ND,ND,ND,,ND,ND
BGC008073,,DSP HABs Cyanotoxins Contract,LIB,11455315,2022/09/09 07:30:00,Lumigen,ND,ND,,ND,ND,ND,ND,ND,,ND,,ND,,ND,,ND,ND,ND,,ND,ND,ND,ND,ND,ND,ND,ND,ND,ND,ND,ND,ND,ND,,ND,ND
BGC008228,REP0000625,DSP HABs Cyanotoxins Contract,C10A,374045121155200,2022/09/13 11:30:00,Lumigen,ND,ND,,ND,ND,0.03,ND,ND,,ND,,ND,,0.01,,ND,ND,ND,,ND,0.02,ND,ND,ND,ND,ND,ND,ND,ND,ND,ND,ND,ND,,ND,ND
BGC008229,REP0000625,DSP HABs Cyanotoxins Contract,C10A,374045121155200,2022/09/13 11:31:00,Lumigen,ND,ND,,ND,ND,0.02,ND,ND,,ND,,ND,,ND,,ND,ND,ND,,ND,0.01,ND,ND,ND,ND,ND,ND,ND,ND,ND,ND,ND,ND,,ND,ND
BGC008230,,DSP HABs Cyanotoxins Contract,P8,375841121225601,2022/09/15 11:25:00,Lumigen,ND,0.01,,ND,ND,0.01,ND,ND,,ND,,ND,,ND,,ND,ND,ND,,ND,0.01,ND,0.01,ND,ND,ND,ND,ND,ND,ND,ND,ND,ND,,ND,ND
BGC008231,OAQ2000224,DSP HABs Cyanotoxins Contract,P8,375841121225601,2022/09/15 11:50:00,Lumigen,ND,ND,,ND,ND,ND,ND,ND,,ND,,ND,,ND,,ND,ND,ND,,ND,ND,ND,ND,ND,ND,ND,ND,ND,ND,ND,ND,ND,ND,,ND,ND
BGC008166,,DSP HABs Cyanotoxins Contract,LIB,11455315,2022/09/20 08:45:00,Lumigen,ND,ND,,ND,ND,ND,ND,ND,,ND,,ND,,ND,,ND,ND,ND,,ND,ND,ND,ND,ND,ND,ND,ND,ND,ND,ND,ND,ND,ND,,ND,ND
BGC008232,REP0000626,DSP HABs Cyanotoxins Contract,FRK,380245121354801,2022/09/20 10:30:00,Lumigen,ND,ND,,ND,ND,ND,ND,ND,,ND,,ND,,ND,,ND,ND,ND,,ND,ND,ND,ND,ND,ND,ND,ND,ND,ND,ND,ND,ND,ND,,ND,ND
BGC008233,REP0000626,DSP HABs Cyanotoxins Contract,FRK,380245121354801,2022/09/20 10:31:00,Lumigen,ND,ND,,ND,ND,ND,ND,ND,,ND,,ND,,ND,,ND,ND,ND,,ND,ND,ND,ND,ND,ND,ND,ND,ND,ND,ND,ND,ND,ND,,ND,ND
BGC008171,,DSP HABs Cyanotoxins Contract,TOL,11455485,2022/09/22 09:15:00,Lumigen,ND,ND,,ND,ND,ND,ND,ND,,ND,,ND,,ND,,ND,ND,ND,,ND,ND,ND,ND,ND,ND,ND,ND,ND,ND,ND,ND,ND,ND,,ND,ND
BGC008172,,DSP HABs Cyanotoxins Contract,JPT,11337190,2022/09/22 11:15:00,Lumigen,ND,ND,,ND,ND,ND,ND,ND,,ND,,ND,,ND,,ND,ND,ND,,ND,ND,ND,ND,ND,ND,ND,ND,ND,ND,ND,ND,ND,ND,,ND,ND
BGC008176,,DRMP MDM Cyanotoxins Contract,MDM,11312676,2022/09/22 12:45:00,Lumigen,ND,ND,,ND,ND,ND,ND,ND,,ND,,ND,,ND,,ND,ND,ND,,ND,ND,ND,ND,ND,ND,ND,ND,ND,ND,ND,ND,ND,ND,,ND,ND
BGC008234,,DSP HABs Cyanotoxins Contract,RRI,375747121215401,2022/09/26 09:20:00,Lumigen,ND,0.02,,ND,ND,0.01,ND,ND,,ND,,ND,,ND,,ND,ND,ND,,ND,0.01,0.01,ND,ND,ND,ND,ND,ND,ND,ND,ND,ND,ND,,ND,ND
BGC008235,,DSP HABs Cyanotoxins Contract,C10A,374045121155200,2022/09/26 10:15:00,Lumigen,ND,ND,,ND,ND,ND,ND,ND,,ND,,ND,,ND,,ND,ND,ND,,ND,0.01,ND,ND,ND,ND,ND,ND,ND,ND,ND,ND,ND,ND,,ND,ND
BGC008211,,DRMP MDM Cyanotoxins Contract,MDM,11312676,2022/10/03 10:30:00,Lumigen,ND,ND,,ND,ND,ND,ND,ND,,ND,,ND,,ND,,ND,ND,ND,,ND,ND,ND,ND,ND,ND,ND,ND,ND,ND,ND,ND,ND,ND,,ND,ND
BGC008212,,DSP HABs Cyanotoxins Contract,JPT,11337190,2022/10/04 14:30:00,Lumigen,ND,ND,,ND,ND,ND,ND,ND,,ND,,ND,,ND,,ND,ND,ND,,ND,ND,ND,ND,ND,ND,ND,ND,ND,ND,ND,ND,ND,ND,,ND,ND
BGC008213,,DSP HABs Cyanotoxins Contract,TOL,11455485,2022/10/04 15:30:00,Lumigen,ND,ND,,ND,ND,ND,ND,ND,,ND,,ND,,ND,,ND,ND,ND,,ND,ND,ND,ND,ND,ND,ND,ND,ND,ND,ND,ND,ND,ND,,ND,ND
BGC008214,,DSP HABs Cyanotoxins Contract,LIB,11455315,2022/10/05 09:30:00,Lumigen,ND,ND,,ND,ND,ND,ND,ND,,ND,,ND,,ND,,ND,ND,ND,,ND,ND,ND,ND,ND,ND,ND,ND,ND,ND,ND,ND,ND,ND,,ND,ND
BGC008761,,DSP HABs Cyanotoxins Contract,C10A,374045121155200,2022/10/12 11:15:00,Lumigen,ND,ND,,ND,ND,ND,ND,ND,,ND,,ND,,ND,,ND,ND,ND,,ND,ND,ND,ND,ND,ND,ND,ND,ND,ND,ND,ND,ND,ND,,ND,ND
BGC008760,REP0000649,DSP HABs Cyanotoxins Contract,FRK,380245121354801,2022/10/12 11:33:00,Lumigen,ND,ND,,ND,ND,ND,ND,ND,,ND,,ND,,ND,,ND,ND,ND,,ND,ND,ND,ND,ND,ND,ND,ND,ND,ND,ND,ND,ND,ND,,ND,ND
BGC008759,REP0000649,DSP HABs Cyanotoxins Contract,FRK,380245121354801,2022/10/12 11:34:00,Lumigen,ND,ND,,ND,ND,ND,ND,ND,,ND,,ND,,ND,,ND,ND,ND,,ND,ND,ND,ND,ND,ND,ND,ND,ND,ND,ND,ND,ND,ND,,ND,ND
BGC008757,,DSP HABs Cyanotoxins Contract,P8,375841121225601,2022/10/14 12:35:00,Lumigen,ND,ND,,ND,ND,ND,ND,ND,,ND,,ND,,ND,,ND,ND,ND,,ND,ND,ND,ND,ND,ND,ND,ND,ND,ND,ND,ND,ND,ND,,ND,ND
BGC008758,OAQ2000231,DSP HABs Cyanotoxins Contract,P8,375841121225601,2022/10/14 13:00:00,Lumigen,ND,ND,,ND,ND,ND,ND,ND,,ND,,ND,,ND,,ND,ND,ND,,ND,ND,ND,ND,ND,ND,ND,ND,ND,ND,ND,ND,ND,ND,,ND,ND
BGC008320,,DSP HABs Cyanotoxins Contract,3MSJ,380504121405601,2022/10/17 08:50:00,Lumigen,ND,ND,,ND,ND,ND,ND,ND,,ND,,ND,,ND,,ND,ND,ND,,ND,ND,ND,ND,ND,ND,ND,ND,ND,ND,ND,ND,ND,ND,,ND,ND
BGC008305,,DSP HABs Cyanotoxins Contract,PPT,11313460,2022/10/17 09:29:00,Lumigen,ND,ND,,ND,ND,ND,ND,ND,,ND,,ND,,ND,,ND,ND,ND,,ND,ND,ND,ND,ND,ND,ND,ND,ND,ND,ND,ND,ND,ND,,ND,ND
BGC008306,,DSP HABs Cyanotoxins Contract,SJW,380131121280501,2022/10/17 09:55:00,Lumigen,ND,ND,,ND,ND,ND,ND,ND,,ND,,ND,,ND,,ND,ND,ND,,ND,ND,ND,ND,ND,ND,ND,ND,ND,ND,ND,ND,ND,ND,,ND,ND
BGC008307,,DSP HABs Cyanotoxins Contract,TRN,11311300,2022/10/17 10:16:00,Lumigen,ND,ND,,ND,ND,ND,ND,ND,,ND,,ND,,ND,,ND,ND,ND,,ND,ND,ND,ND,ND,ND,ND,ND,ND,ND,ND,ND,ND,ND,,ND,ND
BGC008308,,DSP HABs Cyanotoxins Contract,SJRBC,375831121223701,2022/10/17 10:33:00,Lumigen,ND,ND,,ND,ND,ND,ND,ND,,ND,,ND,,ND,,ND,ND,ND,,ND,ND,ND,ND,ND,ND,ND,ND,ND,ND,ND,ND,ND,ND,,ND,ND
BGC008309,,DSP HABs Cyanotoxins Contract,SJRST,375649121202101,2022/10/17 11:01:00,Lumigen,ND,ND,,ND,ND,ND,ND,ND,,ND,,ND,,ND,,ND,ND,ND,,ND,ND,ND,ND,ND,ND,ND,ND,ND,ND,ND,ND,ND,ND,,ND,ND
BGC008317,,DSP HABs Cyanotoxins Contract,14MSJ,375949121251001,2022/10/17 11:41:00,Lumigen,ND,ND,,ND,ND,ND,ND,ND,,ND,,ND,,ND,,ND,ND,ND,,ND,ND,ND,ND,ND,ND,ND,ND,ND,ND,ND,ND,ND,ND,,ND,ND
BGC008310,,DSP HABs Cyanotoxins Contract,14MILE,380232121241801,2022/10/17 11:59:00,Lumigen,ND,ND,,ND,ND,ND,ND,ND,,ND,,ND,,ND,,ND,ND,ND,,ND,ND,ND,ND,ND,ND,ND,ND,ND,ND,ND,ND,ND,ND,,ND,ND
BGC008319,,DSP HABs Cyanotoxins Contract,DSSJ,380217121290301,2022/10/17 12:29:00,Lumigen,ND,ND,,ND,ND,ND,ND,ND,,ND,,ND,,ND,,ND,ND,ND,,ND,ND,ND,ND,ND,ND,ND,ND,ND,ND,ND,ND,ND,ND,,ND,ND
BGC008311,,DSP HABs Cyanotoxins Contract,LPS,11336790,2022/10/17 12:54:00,Lumigen,ND,ND,,ND,ND,ND,ND,ND,,ND,,ND,,ND,,ND,ND,ND,,ND,ND,ND,ND,ND,ND,ND,ND,ND,ND,ND,ND,ND,ND,,ND,ND
BGC008312,,DSP HABs Cyanotoxins Contract,SMS,380831121301301,2022/10/17 13:28:00,Lumigen,ND,ND,,ND,ND,ND,ND,ND,,ND,,ND,,ND,,ND,ND,ND,,ND,ND,ND,ND,ND,ND,ND,ND,ND,ND,ND,ND,ND,ND,,ND,ND
BGC008313,,DSP HABs Cyanotoxins Contract,SYC,380831121281201,2022/10/17 13:44:00,Lumigen,ND,ND,,ND,ND,ND,ND,ND,,ND,,ND,,ND,,ND,ND,ND,,ND,ND,ND,ND,ND,ND,ND,ND,ND,ND,ND,ND,ND,ND,,ND,ND
BGC008314,REP0000630,DSP HABs Cyanotoxins Contract,NFM,11336685,2022/10/17 14:55:00,Lumigen,ND,ND,,ND,ND,ND,ND,ND,,ND,,ND,,ND,,ND,ND,ND,,ND,ND,ND,ND,ND,ND,ND,ND,ND,ND,ND,ND,ND,ND,,ND,ND
BGC008315,REP0000630,DSP HABs Cyanotoxins Contract,NFM,11336685,2022/10/17 14:56:00,Lumigen,ND,ND,,ND,ND,ND,ND,ND,,ND,,ND,,ND,,ND,ND,ND,,ND,ND,ND,ND,ND,ND,ND,ND,ND,ND,ND,ND,ND,ND,,ND,ND
BGC008316,,DSP HABs Cyanotoxins Contract,NMR,380837121333401,2022/10/17 15:32:00,Lumigen,ND,ND,,ND,ND,ND,ND,ND,,ND,,ND,,ND,,ND,ND,ND,,ND,ND,ND,ND,ND,ND,ND,ND,ND,ND,ND,ND,ND,ND,,ND,ND
BGC008318,,DSP HABs Cyanotoxins Contract,SJS,380500121351901,2022/10/17 16:00:00,Lumigen,ND,ND,,ND,ND,ND,ND,ND,,ND,,ND,,ND,,ND,ND,ND,,ND,ND,ND,ND,ND,ND,ND,ND,ND,ND,ND,ND,ND,ND,,ND,ND
BGC008322,,DSP HABs Cyanotoxins Contract,GAM,380749121344701,2022/10/18 09:02:00,Lumigen,ND,ND,,ND,ND,ND,ND,ND,,ND,,ND,,ND,,ND,ND,ND,,ND,ND,ND,ND,ND,ND,ND,ND,ND,ND,ND,ND,ND,ND,,ND,ND
BGC008339,,DSP HABs Cyanotoxins Contract,WGC,381330121332401,2022/10/18 10:33:00,Lumigen,ND,ND,,ND,ND,ND,ND,ND,,ND,,ND,,ND,,ND,ND,ND,,ND,1.15,ND,ND,ND,ND,ND,ND,ND,ND,ND,ND,ND,ND,,ND,ND
BGC008330,REP0000631,DSP HABs Cyanotoxins Contract,LIB,11455315,2022/10/18 13:40:00,Lumigen,ND,ND,,ND,ND,ND,ND,ND,,ND,,ND,,ND,,ND,ND,ND,,ND,ND,ND,ND,ND,ND,ND,ND,ND,ND,ND,ND,ND,ND,,ND,ND
BGC008331,REP0000631,DSP HABs Cyanotoxins Contract,LIB,11455315,2022/10/18 13:41:00,Lumigen,ND,ND,,ND,ND,ND,ND,ND,,ND,,ND,,ND,,ND,ND,ND,,ND,ND,ND,ND,ND,ND,ND,ND,ND,ND,ND,ND,ND,ND,,ND,ND
BGC008333,,DSP HABs Cyanotoxins Contract,SS,382010121402301,2022/10/18 14:13:00,Lumigen,ND,ND,,ND,ND,ND,ND,ND,,ND,,ND,,ND,,ND,ND,ND,,ND,ND,ND,ND,ND,ND,ND,ND,ND,ND,ND,ND,ND,ND,,ND,ND
BGC008335,,DSP HABs Cyanotoxins Contract,SSB,11455276,2022/10/18 14:36:00,Lumigen,ND,ND,,ND,ND,ND,ND,ND,,ND,,ND,,ND,,ND,ND,ND,,ND,ND,ND,ND,ND,ND,ND,ND,ND,ND,ND,ND,ND,ND,,ND,ND
BGC008337,,DSP HABs Cyanotoxins Contract,CCH41,11455385,2022/10/18 15:33:00,Lumigen,ND,ND,,ND,ND,ND,ND,ND,,ND,,ND,,ND,,ND,ND,ND,,ND,ND,ND,ND,ND,ND,ND,ND,ND,ND,ND,ND,ND,ND,,ND,ND
BGC008345,,DSP HABs Cyanotoxins Contract,TOL,11455485,2022/10/19 08:44:00,Lumigen,ND,ND,,ND,ND,ND,ND,ND,,ND,,ND,,ND,,ND,ND,ND,,ND,ND,ND,ND,ND,ND,ND,ND,ND,ND,ND,ND,ND,ND,,ND,ND
BGC008346,,DSP HABs Cyanotoxins Contract,GRZ,380631122032201,2022/10/19 10:11:00,Lumigen,ND,ND,,ND,ND,ND,ND,ND,,ND,,ND,,ND,,ND,ND,ND,,ND,ND,ND,ND,ND,ND,ND,ND,ND,ND,ND,ND,ND,ND,,ND,ND
BGC008347,,DSP HABs Cyanotoxins Contract,CFL,11455508,2022/10/19 11:23:00,Lumigen,ND,ND,,ND,ND,ND,ND,ND,,ND,,ND,,ND,,ND,ND,ND,,ND,ND,ND,ND,ND,ND,ND,ND,ND,ND,ND,ND,ND,ND,,ND,ND
BGC008348,,DSP HABs Cyanotoxins Contract,JPT,11337190,2022/10/19 12:13:00,Lumigen,ND,ND,,ND,ND,ND,ND,ND,,ND,,ND,,ND,,ND,ND,ND,,ND,ND,ND,ND,ND,ND,ND,ND,ND,ND,ND,ND,ND,ND,,ND,ND
BGC008349,,DSP HABs Cyanotoxins Contract,ORF,380300121344801,2022/10/19 13:28:00,Lumigen,ND,ND,,ND,ND,ND,ND,ND,,ND,,ND,,ND,,ND,ND,ND,,ND,ND,ND,ND,ND,ND,ND,ND,ND,ND,ND,ND,ND,ND,,ND,ND
BGC008350,,DSP HABs Cyanotoxins Contract,OLD,11313405,2022/10/19 13:55:00,Lumigen,ND,ND,,ND,ND,ND,ND,ND,,ND,,ND,,ND,,ND,ND,ND,,ND,ND,ND,ND,ND,ND,ND,ND,ND,ND,ND,ND,ND,ND,,ND,ND
BGC008351,,DSP HABs Cyanotoxins Contract,ORI,11313325,2022/10/19 14:24:00,Lumigen,ND,ND,,ND,ND,ND,ND,ND,,ND,,ND,,ND,,ND,ND,ND,,ND,0.01,ND,ND,ND,ND,ND,ND,ND,ND,ND,ND,ND,ND,,ND,ND
BGC008352,,DSP HABs Cyanotoxins Contract,ORCC,11313250,2022/10/19 14:58:00,Lumigen,ND,ND,,ND,ND,ND,ND,ND,,ND,,ND,,ND,,ND,ND,ND,,ND,0.01,ND,ND,ND,ND,ND,ND,ND,ND,ND,ND,ND,ND,,ND,ND
BGC008353,,DSP HABs Cyanotoxins Contract,MRB,11312674,2022/10/19 15:36:00,Lumigen,ND,ND,,ND,ND,ND,ND,ND,,ND,,ND,,ND,,ND,ND,ND,,ND,ND,ND,ND,ND,ND,ND,ND,ND,ND,ND,ND,ND,ND,,ND,ND
BGC008354,REP0000632,DSP HABs Cyanotoxins Contract,MDM,11312676,2022/10/19 16:08:00,Lumigen,ND,ND,,ND,ND,ND,ND,ND,,ND,,ND,,ND,,ND,ND,ND,,ND,ND,ND,ND,ND,ND,ND,ND,ND,ND,ND,ND,ND,ND,,ND,ND
BGC008355,REP0000632,DSP HABs Cyanotoxins Contract,MDM,11312676,2022/10/19 16:09:00,Lumigen,ND,ND,,ND,ND,ND,ND,ND,,ND,,ND,,ND,,ND,ND,ND,,ND,ND,ND,ND,ND,ND,ND,ND,ND,ND,ND,ND,ND,ND,,ND,ND
BGC008356,,DSP HABs Cyanotoxins Contract,MRH,11312685,2022/10/19 16:37:00,Lumigen,ND,ND,,ND,ND,ND,ND,ND,,ND,,ND,,ND,,ND,ND,ND,,ND,ND,ND,ND,ND,ND,ND,ND,ND,ND,ND,ND,ND,ND,,ND,ND
BGC008370,,DSP HABs Cyanotoxins Contract,ISLETON BRIDGE,381038121352501,2022/10/20 09:09:00,Lumigen,ND,ND,,ND,ND,ND,ND,ND,,ND,,ND,,ND,,ND,ND,ND,,ND,ND,ND,ND,ND,ND,ND,ND,ND,ND,ND,ND,ND,ND,,ND,ND
BGC008363,,DSP HABs Cyanotoxins Contract,WGC,381330121332401,2022/10/20 09:59:00,Lumigen,ND,ND,,ND,ND,ND,ND,ND,,ND,,ND,,ND,,ND,ND,ND,,ND,ND,ND,ND,ND,ND,ND,ND,ND,ND,ND,ND,ND,ND,,ND,ND
BGC008364,REP0000639,DSP HABs Cyanotoxins Contract,WGA,11447890,2022/10/20 10:59:00,Lumigen,ND,ND,,ND,ND,ND,ND,ND,,ND,,ND,,ND,,ND,ND,ND,,ND,ND,ND,ND,ND,ND,ND,ND,ND,ND,ND,ND,ND,ND,,ND,ND
BGC008365,REP0000639,DSP HABs Cyanotoxins Contract,WGA,11447890,2022/10/20 11:00:00,Lumigen,ND,ND,,ND,ND,ND,ND,ND,,ND,,ND,,ND,,ND,ND,ND,,ND,ND,ND,ND,ND,ND,ND,ND,ND,ND,ND,ND,ND,ND,,ND,ND
BGC008366,,DSP HABs Cyanotoxins Contract,HOOD,382205121311300,2022/10/20 11:53:00,Lumigen,ND,ND,,ND,ND,ND,ND,ND,,ND,,ND,,ND,,ND,ND,ND,,ND,ND,ND,ND,ND,ND,ND,ND,ND,ND,ND,ND,ND,ND,,ND,ND
BGC008367,,DSP HABs Cyanotoxins Contract,FPT,11447650,2022/10/20 12:32:00,Lumigen,ND,ND,,ND,ND,ND,ND,ND,,ND,,ND,,ND,,ND,ND,ND,,ND,ND,ND,ND,ND,ND,ND,ND,ND,ND,ND,ND,ND,ND,,ND,ND
BGC008850,,DSP HABs Cyanotoxins Contract,FRK,380245121354801,2022/10/26 10:00:00,Lumigen,ND,ND,,ND,ND,ND,ND,ND,,ND,,ND,,ND,,ND,ND,ND,,ND,ND,ND,ND,ND,ND,ND,ND,ND,ND,ND,ND,ND,ND,,ND,ND
BGC008852,,DSP HABs Cyanotoxins Contract,RRI,375747121215401,2022/10/27 09:45:00,Lumigen,ND,ND,,ND,ND,ND,ND,ND,,ND,,ND,,ND,,ND,ND,ND,,ND,ND,ND,ND,ND,ND,ND,ND,ND,ND,ND,ND,ND,ND,,ND,ND
BGC008851,,DSP HABs Cyanotoxins Contract,C10A,374045121155200,2022/10/27 10:45:00,Lumigen,ND,ND,,ND,ND,ND,ND,ND,,ND,,ND,,ND,,ND,ND,ND,,ND,ND,ND,ND,ND,ND,ND,ND,ND,ND,ND,ND,ND,ND,,ND,ND
BGC008723,,DSP HABs Cyanotoxins Contract,TOL,11455485,2022/11/01 09:00:00,Lumigen,ND,ND,,ND,ND,ND,ND,ND,,ND,,ND,,ND,,ND,ND,ND,,ND,ND,ND,ND,ND,ND,ND,ND,ND,ND,ND,ND,ND,ND,,ND,ND
BGC008727,,DRMP MDM Cyanotoxins Contract,MDM,11312676,2022/11/01 09:30:00,Lumigen,ND,ND,,ND,ND,ND,ND,ND,,ND,,ND,,ND,,ND,ND,ND,,ND,ND,ND,ND,ND,ND,ND,ND,ND,ND,ND,ND,ND,ND,,ND,ND
BGC008739,,DSP HABs Cyanotoxins Contract,JPT,11337190,2022/11/02 13:00:00,Lumigen,ND,ND,,ND,ND,ND,ND,ND,,ND,,ND,,ND,,ND,ND,ND,,ND,ND,ND,ND,ND,ND,ND,ND,ND,ND,ND,ND,ND,ND,,ND,ND
BGC008743,,DSP HABs Cyanotoxins Contract,LIB,11455315,2022/11/03 11:45:00,Lumigen,ND,ND,,ND,ND,ND,ND,ND,,ND,,ND,,ND,,ND,ND,ND,,ND,ND,ND,ND,ND,ND,ND,ND,ND,ND,ND,ND,ND,ND,,ND,ND
BGC008853,,DSP HABs Cyanotoxins Contract,C10A,374045121155200,2022/11/10 12:45:00,Lumigen,ND,ND,,ND,ND,ND,ND,ND,,ND,,ND,,ND,,ND,ND,ND,,ND,ND,ND,ND,ND,ND,ND,ND,ND,ND,ND,ND,ND,ND,,ND,ND
BGC008854,,DSP HABs Cyanotoxins Contract,P8,375841121225601,2022/11/15 16:00:00,Lumigen,ND,ND,,ND,ND,ND,ND,ND,,ND,,ND,,ND,,ND,ND,ND,,ND,ND,ND,ND,ND,ND,ND,ND,ND,ND,ND,ND,ND,ND,,ND,ND
BGC008855,OAQ2000237,DSP HABs Cyanotoxins Contract,P8,375841121225601,2022/11/15 23:59:00,Lumigen,ND,ND,,ND,ND,ND,ND,ND,,ND,,ND,,ND,,ND,ND,ND,,ND,ND,ND,ND,ND,ND,ND,ND,ND,ND,ND,ND,ND,ND,,ND,ND
BGC008856,REP0000651,DSP HABs Cyanotoxins Contract,FRK,380245121354801,2022/11/30 11:15:00,Lumigen,ND,ND,,ND,ND,ND,ND,ND,,ND,,ND,,ND,,ND,ND,ND,,ND,ND,ND,ND,ND,ND,ND,ND,ND,ND,ND,ND,ND,ND,,ND,ND
BGC008857,REP0000651,DSP HABs Cyanotoxins Contract,FRK,380245121354801,2022/11/30 11:16:00,Lumigen,ND,ND,,ND,ND,ND,ND,ND,,ND,,ND,,ND,,ND,ND,ND,,ND,ND,ND,ND,ND,ND,ND,ND,ND,ND,ND,ND,ND,ND,,ND,ND
BGC008858,,DSP HABs Cyanotoxins Contract,C10A,374045121155200,2022/12/04 11:15:00,Lumigen,ND,ND,,ND,ND,ND,ND,ND,,ND,,ND,,ND,,ND,ND,ND,,ND,ND,ND,ND,ND,ND,ND,ND,ND,ND,ND,ND,ND,ND,,ND,ND
BGC008818,,DSP HABs Cyanotoxins Contract,TOL,11455485,2022/12/06 10:15:00,Lumigen,ND,ND,,ND,ND,ND,ND,ND,,ND,,ND,,ND,,ND,ND,ND,,ND,ND,ND,ND,ND,ND,ND,ND,ND,ND,ND,ND,ND,ND,,ND,ND
BGC008821,,DSP HABs Cyanotoxins Contract,JPT,11337190,2022/12/06 12:30:00,Lumigen,ND,ND,,ND,ND,ND,ND,ND,,ND,,ND,,ND,,ND,ND,ND,,ND,ND,ND,ND,ND,ND,ND,ND,ND,ND,ND,ND,ND,ND,,ND,ND
BGC008822,,DSP HABs Cyanotoxins Contract,LIB,11455315,2022/12/06 13:45:00,Lumigen,ND,ND,,ND,ND,ND,ND,ND,,ND,,ND,,ND,,ND,ND,ND,,ND,ND,ND,ND,ND,ND,ND,ND,ND,ND,ND,ND,ND,ND,,ND,ND
BGC008824,,DSP HABs Cyanotoxins Contract,MDM,11312676,2022/12/06 16:15:00,Lumigen,ND,ND,,ND,ND,ND,ND,ND,,ND,,ND,,ND,,ND,ND,ND,,ND,ND,ND,ND,ND,ND,ND,ND,ND,ND,ND,ND,ND,ND,,ND,ND
